game_date,game_pk,away_team,home_team,game_type,game_year,sv_id,batter,pitcher,stand,p_throws,events,des,description,type,hit_location,bb_type,balls,strikes,outs_when_up,inning,inning_topbot,pitch_type,plate_x,plate_z,zone,hc_x,hc_y,hit_distance_sc,launch_speed_angle,pitch_name,on_3b,on_2b,on_1b,fielder_2,fielder_3,fielder_4,fielder_5,fielder_6,fielder_7,fielder_8,fielder_9,at_bat_number,pitch_number,away_score,home_score,bat_score,fld_score,post_away_score,post_home_score,post_bat_score,post_fld_score,woba_value,woba_denom,babip_value,iso_value,launch_speed_angle,role_key,pitch_number_appearance,pitcher_at_bat_number,times_faced
2023-08-18,20230818BARLON1,BAR,LON,R,2023,20230818BARLON1-01,Canice Ejoh,Alex Springer,R,R,,Canice Ejoh putout (fly out to center field) for out number 1,swinging_strike,S,,,0,0,0,1,Top,,,,,,,,,,,,,Brad Verhoeven,Kayne McGee,Brett Graham,Daniel Battel,Tommy Reyes-Cruz,Starling Joseph,Andrew Lawrence,Byron Reichstein,1,1,0,0,0,0,0,0,0,0,,,,,,SP,1,1,1
2023-08-18,20230818BARLON1,BAR,LON,R,2023,20230818BARLON1-01,Canice Ejoh,Alex Springer,R,R,,Canice Ejoh putout (fly out to center field) for out number 1,called_strike,S,,,0,1,0,1,Top,,,,,,,,,,,,,Brad Verhoeven,Kayne McGee,Brett Graham,Daniel Battel,Tommy Reyes-Cruz,Starling Joseph,Andrew Lawrence,Byron Reichstein,1,2,0,0,0,0,0,0,0,0,,,,,,SP,2,1,1
2023-08-18,20230818BARLON1,BAR,LON,R,2023,20230818BARLON1-01,Canice Ejoh,Alex Springer,R,R,,Canice Ejoh putout (fly out to center field) for out number 1,ball,B,,,0,2,0,1,Top,,,,,,,,,,,,,Brad Verhoeven,Kayne McGee,Brett Graham,Daniel Battel,Tommy Reyes-Cruz,Starling Joseph,Andrew Lawrence,Byron Reichstein,1,3,0,0,0,0,0,0,0,0,,,,,,SP,3,1,1
2023-08-18,20230818BARLON1,BAR,LON,R,2023,20230818BARLON1-01,Canice Ejoh,Alex Springer,R,R,,Canice Ejoh putout (fly out to center field) for out number 1,foul,S,,,1,2,0,1,Top,,,,,,,,,,,,,Brad Verhoeven,Kayne McGee,Brett Graham,Daniel Battel,Tommy Reyes-Cruz,Starling Joseph,Andrew Lawrence,Byron Reichstein,1,4,0,0,0,0,0,0,0,0,,,,,,SP,4,1,1
2023-08-18,20230818BARLON1,BAR,LON,R,2023,20230818BARLON1-01,Canice Ejoh,Alex Springer,R,R,,Canice Ejoh putout (fly out to center field) for out number 1,foul,S,,,1,2,0,1,Top,,,,,,,,,,,,,Brad Verhoeven,Kayne McGee,Brett Graham,Daniel Battel,Tommy Reyes-Cruz,Starling Joseph,Andrew Lawrence,Byron Reichstein,1,5,0,0,0,0,0,0,0,0,,,,,,SP,5,1,1
2023-08-18,20230818BARLON1,BAR,LON,R,2023,20230818BARLON1-01,Canice Ejoh,Alex Springer,R,R,,Canice Ejoh putout (fly out to center field) for out number 1,foul,S,,,1,2,0,1,Top,,,,,,,,,,,,,Brad Verhoeven,Kayne McGee,Brett Graham,Daniel Battel,Tommy Reyes-Cruz,Starling Joseph,Andrew Lawrence,Byron Reichstein,1,6,0,0,0,0,0,0,0,0,,,,,,SP,6,1,1
2023-08-18,20230818BARLON1,BAR,LON,R,2023,20230818BARLON1-01,Canice Ejoh,Alex Springer,R,R,,Canice Ejoh putout (fly out to center field) for out number 1,ball,B,,,1,2,0,1,Top,,,,,,,,,,,,,Brad Verhoeven,Kayne McGee,Brett Graham,Daniel Battel,Tommy Reyes-Cruz,Starling Joseph,Andrew Lawrence,Byron Reichstein,1,7,0,0,0,0,0,0,0,0,,,,,,SP,7,1,1
2023-08-18,20230818BARLON1,BAR,LON,R,2023,20230818BARLON1-01,Canice Ejoh,Alex Springer,R,R,field_out,Canice Ejoh putout (fly out to center field) for out number 1,hit_into_play,X,8,fly_ball,2,2,0,1,Top,,,,,,,,,,,,,Brad Verhoeven,Kayne McGee,Brett Graham,Daniel Battel,Tommy Reyes-Cruz,Starling Joseph,Andrew Lawrence,Byron Reichstein,1,8,0,0,0,0,0,0,0,0,,,,,,SP,8,1,1
2023-08-18,20230818BARLON1,BAR,LON,R,2023,20230818BARLON1-02,Adam Odd,Alex Springer,L,R,,Adam Odd putout (dropped 3rd strike: KS 2) for out number 2,called_strike,S,,,0,0,1,1,Top,,,,,,,,,,,,,Brad Verhoeven,Kayne McGee,Brett Graham,Daniel Battel,Tommy Reyes-Cruz,Starling Joseph,Andrew Lawrence,Byron Reichstein,2,1,0,0,0,0,0,0,0,0,,,,,,SP,9,2,1
2023-08-18,20230818BARLON1,BAR,LON,R,2023,20230818BARLON1-02,Adam Odd,Alex Springer,L,R,,Adam Odd putout (dropped 3rd strike: KS 2) for out number 2,swinging_strike,S,,,0,1,1,1,Top,,,,,,,,,,,,,Brad Verhoeven,Kayne McGee,Brett Graham,Daniel Battel,Tommy Reyes-Cruz,Starling Joseph,Andrew Lawrence,Byron Reichstein,2,2,0,0,0,0,0,0,0,0,,,,,,SP,10,2,1
2023-08-18,20230818BARLON1,BAR,LON,R,2023,20230818BARLON1-02,Adam Odd,Alex Springer,L,R,strikeout,Adam Odd putout (dropped 3rd strike: KS 2) for out number 2,swinging_strike,S,2,,0,2,1,1,Top,,,,,,,,,,,,,Brad Verhoeven,Kayne McGee,Brett Graham,Daniel Battel,Tommy Reyes-Cruz,Starling Joseph,Andrew Lawrence,Byron Reichstein,2,3,0,0,0,0,0,0,0,0,,,,,,SP,11,2,1
2023-08-18,20230818BARLON1,BAR,LON,R,2023,20230818BARLON1-03,Starlin Rodriguez,Alex Springer,R,R,,Starlin Rodriguez putout (5-3) for out number 3,swinging_strike,S,,,0,0,2,1,Top,,,,,,,,,,,,,Brad Verhoeven,Kayne McGee,Brett Graham,Daniel Battel,Tommy Reyes-Cruz,Starling Joseph,Andrew Lawrence,Byron Reichstein,3,1,0,0,0,0,0,0,0,0,,,,,,SP,12,3,1
2023-08-18,20230818BARLON1,BAR,LON,R,2023,20230818BARLON1-03,Starlin Rodriguez,Alex Springer,R,R,field_out,Starlin Rodriguez putout (5-3) for out number 3,hit_into_play,X,5,ground_ball,0,1,2,1,Top,,,,,,,,,,,,,Brad Verhoeven,Kayne McGee,Brett Graham,Daniel Battel,Tommy Reyes-Cruz,Starling Joseph,Andrew Lawrence,Byron Reichstein,3,2,0,0,0,0,0,0,0,0,,,,,,SP,13,3,1
2023-08-18,20230818BARLON1,BAR,LON,R,2023,20230818BARLON1-04,Andrew Lawrence,Juan Benitez,R,R,,Andrew Lawrence putout (fly out to right field) for out number 1,called_strike,S,,,0,0,0,1,Bot,,,,,,,,,,,,,Hayden Jaco,Domenico Morea,Royce Ando,Adam Odd,Carson Burns,Starlin Rodriguez,Canice Ejoh,Avery Tuck,4,1,0,0,0,0,0,0,0,0,,,,,,SP,1,1,1
2023-08-18,20230818BARLON1,BAR,LON,R,2023,20230818BARLON1-04,Andrew Lawrence,Juan Benitez,R,R,,Andrew Lawrence putout (fly out to right field) for out number 1,ball,B,,,0,1,0,1,Bot,,,,,,,,,,,,,Hayden Jaco,Domenico Morea,Royce Ando,Adam Odd,Carson Burns,Starlin Rodriguez,Canice Ejoh,Avery Tuck,4,2,0,0,0,0,0,0,0,0,,,,,,SP,2,1,1
2023-08-18,20230818BARLON1,BAR,LON,R,2023,20230818BARLON1-04,Andrew Lawrence,Juan Benitez,R,R,,Andrew Lawrence putout (fly out to right field) for out number 1,foul,S,,,1,1,0,1,Bot,,,,,,,,,,,,,Hayden Jaco,Domenico Morea,Royce Ando,Adam Odd,Carson Burns,Starlin Rodriguez,Canice Ejoh,Avery Tuck,4,3,0,0,0,0,0,0,0,0,,,,,,SP,3,1,1
2023-08-18,20230818BARLON1,BAR,LON,R,2023,20230818BARLON1-04,Andrew Lawrence,Juan Benitez,R,R,,Andrew Lawrence putout (fly out to right field) for out number 1,foul,S,,,1,2,0,1,Bot,,,,,,,,,,,,,Hayden Jaco,Domenico Morea,Royce Ando,Adam Odd,Carson Burns,Starlin Rodriguez,Canice Ejoh,Avery Tuck,4,4,0,0,0,0,0,0,0,0,,,,,,SP,4,1,1
2023-08-18,20230818BARLON1,BAR,LON,R,2023,20230818BARLON1-04,Andrew Lawrence,Juan Benitez,R,R,,Andrew Lawrence putout (fly out to right field) for out number 1,ball,B,,,1,2,0,1,Bot,,,,,,,,,,,,,Hayden Jaco,Domenico Morea,Royce Ando,Adam Odd,Carson Burns,Starlin Rodriguez,Canice Ejoh,Avery Tuck,4,5,0,0,0,0,0,0,0,0,,,,,,SP,5,1,1
2023-08-18,20230818BARLON1,BAR,LON,R,2023,20230818BARLON1-04,Andrew Lawrence,Juan Benitez,R,R,,Andrew Lawrence putout (fly out to right field) for out number 1,foul,S,,,2,2,0,1,Bot,,,,,,,,,,,,,Hayden Jaco,Domenico Morea,Royce Ando,Adam Odd,Carson Burns,Starlin Rodriguez,Canice Ejoh,Avery Tuck,4,6,0,0,0,0,0,0,0,0,,,,,,SP,6,1,1
2023-08-18,20230818BARLON1,BAR,LON,R,2023,20230818BARLON1-04,Andrew Lawrence,Juan Benitez,R,R,,Andrew Lawrence putout (fly out to right field) for out number 1,ball,B,,,2,2,0,1,Bot,,,,,,,,,,,,,Hayden Jaco,Domenico Morea,Royce Ando,Adam Odd,Carson Burns,Starlin Rodriguez,Canice Ejoh,Avery Tuck,4,7,0,0,0,0,0,0,0,0,,,,,,SP,7,1,1
2023-08-18,20230818BARLON1,BAR,LON,R,2023,20230818BARLON1-04,Andrew Lawrence,Juan Benitez,R,R,field_out,Andrew Lawrence putout (fly out to right field) for out number 1,hit_into_play,X,9,fly_ball,3,2,0,1,Bot,,,,,,,,,,,,,Hayden Jaco,Domenico Morea,Royce Ando,Adam Odd,Carson Burns,Starlin Rodriguez,Canice Ejoh,Avery Tuck,4,8,0,0,0,0,0,0,0,0,,,,,,SP,8,1,1
2023-08-18,20230818BARLON1,BAR,LON,R,2023,20230818BARLON1-05,Byron Reichstein,Juan Benitez,R,R,,Byron Reichstein advances to 1st (single to right field),ball,B,,,0,0,1,1,Bot,,,,,,,,,,,,,Hayden Jaco,Domenico Morea,Royce Ando,Adam Odd,Carson Burns,Starlin Rodriguez,Canice Ejoh,Avery Tuck,5,1,0,0,0,0,0,0,0,0,,,,,,SP,9,2,1
2023-08-18,20230818BARLON1,BAR,LON,R,2023,20230818BARLON1-05,Byron Reichstein,Juan Benitez,R,R,,Byron Reichstein advances to 1st (single to right field),swinging_strike,S,,,1,0,1,1,Bot,,,,,,,,,,,,,Hayden Jaco,Domenico Morea,Royce Ando,Adam Odd,Carson Burns,Starlin Rodriguez,Canice Ejoh,Avery Tuck,5,2,0,0,0,0,0,0,0,0,,,,,,SP,10,2,1
2023-08-18,20230818BARLON1,BAR,LON,R,2023,20230818BARLON1-05,Byron Reichstein,Juan Benitez,R,R,single,Byron Reichstein advances to 1st (single to right field),hit_into_play,X,9,ground_ball,1,1,1,1,Bot,,,,,,,,,,,,,Hayden Jaco,Domenico Morea,Royce Ando,Adam Odd,Carson Burns,Starlin Rodriguez,Canice Ejoh,Avery Tuck,5,3,0,0,0,0,0,0,0,0,,,,,,SP,11,2,1
2023-08-18,20230818BARLON1,BAR,LON,R,2023,20230818BARLON1-06,Starling Joseph,Juan Benitez,R,R,double,"Starling Joseph advances to 2nd (double to right field), Byron Reichstein advances to 3rd",hit_into_play,X,9,line_drive,0,0,1,1,Bot,,,,,,,,,,,,Byron Reichstein,Hayden Jaco,Domenico Morea,Royce Ando,Adam Odd,Carson Burns,Starlin Rodriguez,Canice Ejoh,Avery Tuck,6,1,0,0,0,0,0,0,0,0,,,,,,SP,12,3,1
2023-08-18,20230818BARLON1,BAR,LON,R,2023,20230818BARLON1-07,Cleveland Brownlee,Juan Benitez,R,R,,"Cleveland Brownlee advances to 1st (single to center field), Starling Joseph advances to 3rd, Byron Reichstein Scores Earned",foul,S,,,0,0,1,1,Bot,,,,,,,,,,Byron Reichstein,Starling Joseph,,Hayden Jaco,Domenico Morea,Royce Ando,Adam Odd,Carson Burns,Starlin Rodriguez,Canice Ejoh,Avery Tuck,7,1,0,0,0,0,0,1,1,0,,,,,,SP,13,4,1
2023-08-18,20230818BARLON1,BAR,LON,R,2023,20230818BARLON1-07,Cleveland Brownlee,Juan Benitez,R,R,,"Cleveland Brownlee advances to 1st (single to center field), Starling Joseph advances to 3rd, Byron Reichstein Scores Earned",ball,B,,,0,1,1,1,Bot,,,,,,,,,,Byron Reichstein,Starling Joseph,,Hayden Jaco,Domenico Morea,Royce Ando,Adam Odd,Carson Burns,Starlin Rodriguez,Canice Ejoh,Avery Tuck,7,2,0,0,0,0,0,1,1,0,,,,,,SP,14,4,1
2023-08-18,20230818BARLON1,BAR,LON,R,2023,20230818BARLON1-07,Cleveland Brownlee,Juan Benitez,R,R,single,"Cleveland Brownlee advances to 1st (single to center field), Starling Joseph advances to 3rd, Byron Reichstein Scores Earned",hit_into_play,X,8,line_drive,1,1,1,1,Bot,,,,,,,,,,Byron Reichstein,Starling Joseph,,Hayden Jaco,Domenico Morea,Royce Ando,Adam Odd,Carson Burns,Starlin Rodriguez,Canice Ejoh,Avery Tuck,7,3,0,0,0,0,0,1,1,0,,,,,,SP,15,4,1
2023-08-18,20230818BARLON1,BAR,LON,R,2023,20230818BARLON1-08,Tommy Reyes-Cruz,Juan Benitez,L,R,,"Tommy Reyes-Cruz advances to 1st (fielder's choice), Starling Joseph Scores Earned, Cleveland Brownlee putout (4-6) for out number 2",called_strike,S,,,0,0,1,1,Bot,,,,,,,,,,Starling Joseph,,Cleveland Brownlee,Hayden Jaco,Domenico Morea,Royce Ando,Adam Odd,Carson Burns,Starlin Rodriguez,Canice Ejoh,Avery Tuck,8,1,0,1,1,0,0,2,2,0,,,,,,SP,16,5,1
2023-08-18,20230818BARLON1,BAR,LON,R,2023,20230818BARLON1-08,Tommy Reyes-Cruz,Juan Benitez,L,R,,"Tommy Reyes-Cruz advances to 1st (fielder's choice), Starling Joseph Scores Earned, Cleveland Brownlee putout (4-6) for out number 2",ball,B,,,0,1,1,1,Bot,,,,,,,,,,Starling Joseph,,Cleveland Brownlee,Hayden Jaco,Domenico Morea,Royce Ando,Adam Odd,Carson Burns,Starlin Rodriguez,Canice Ejoh,Avery Tuck,8,2,0,1,1,0,0,2,2,0,,,,,,SP,17,5,1
2023-08-18,20230818BARLON1,BAR,LON,R,2023,20230818BARLON1-08,Tommy Reyes-Cruz,Juan Benitez,L,R,fielders_choice,"Tommy Reyes-Cruz advances to 1st (fielder's choice), Starling Joseph Scores Earned, Cleveland Brownlee putout (4-6) for out number 2",hit_into_play,X,4,ground_ball,1,1,1,1,Bot,,,,,,,,,,Starling Joseph,,Cleveland Brownlee,Hayden Jaco,Domenico Morea,Royce Ando,Adam Odd,Carson Burns,Starlin Rodriguez,Canice Ejoh,Avery Tuck,8,3,0,1,1,0,0,2,2,0,,,,,,SP,18,5,1
2023-08-18,20230818BARLON1,BAR,LON,R,2023,20230818BARLON1-09,Kayne McGee,Juan Benitez,L,R,,Kayne McGee putout (strike out swinging) for out number 3,swinging_strike,S,,,0,0,2,1,Bot,,,,,,,,,,,,Tommy Reyes-Cruz,Hayden Jaco,Domenico Morea,Royce Ando,Adam Odd,Carson Burns,Starlin Rodriguez,Canice Ejoh,Avery Tuck,9,1,0,2,2,0,0,2,2,0,,,,,,SP,19,6,1
2023-08-18,20230818BARLON1,BAR,LON,R,2023,20230818BARLON1-09,Kayne McGee,Juan Benitez,L,R,,Kayne McGee putout (strike out swinging) for out number 3,ball,B,,,0,1,2,1,Bot,,,,,,,,,,,,Tommy Reyes-Cruz,Hayden Jaco,Domenico Morea,Royce Ando,Adam Odd,Carson Burns,Starlin Rodriguez,Canice Ejoh,Avery Tuck,9,2,0,2,2,0,0,2,2,0,,,,,,SP,20,6,1
2023-08-18,20230818BARLON1,BAR,LON,R,2023,20230818BARLON1-09,Kayne McGee,Juan Benitez,L,R,,Kayne McGee putout (strike out swinging) for out number 3,foul,S,,,1,1,2,1,Bot,,,,,,,,,,,,Tommy Reyes-Cruz,Hayden Jaco,Domenico Morea,Royce Ando,Adam Odd,Carson Burns,Starlin Rodriguez,Canice Ejoh,Avery Tuck,9,3,0,2,2,0,0,2,2,0,,,,,,SP,21,6,1
2023-08-18,20230818BARLON1,BAR,LON,R,2023,20230818BARLON1-09,Kayne McGee,Juan Benitez,L,R,strikeout,Kayne McGee putout (strike out swinging) for out number 3,swinging_strike,S,2,,1,2,2,1,Bot,,,,,,,,,,,,Tommy Reyes-Cruz,Hayden Jaco,Domenico Morea,Royce Ando,Adam Odd,Carson Burns,Starlin Rodriguez,Canice Ejoh,Avery Tuck,9,4,0,2,2,0,0,2,2,0,,,,,,SP,22,6,1
2023-08-18,20230818BARLON1,BAR,LON,R,2023,20230818BARLON1-10,Ryan Rijo,Alex Springer,L,R,,Ryan Rijo advances to 1st (single to first base),ball,B,,,0,0,0,2,Top,,,,,,,,,,,,,Brad Verhoeven,Kayne McGee,Brett Graham,Daniel Battel,Tommy Reyes-Cruz,Starling Joseph,Andrew Lawrence,Byron Reichstein,10,1,0,2,0,2,0,2,0,2,,,,,,SP,14,4,1
2023-08-18,20230818BARLON1,BAR,LON,R,2023,20230818BARLON1-10,Ryan Rijo,Alex Springer,L,R,single,Ryan Rijo advances to 1st (single to first base),hit_into_play,X,3,ground_ball,1,0,0,2,Top,,,,,,,,,,,,,Brad Verhoeven,Kayne McGee,Brett Graham,Daniel Battel,Tommy Reyes-Cruz,Starling Joseph,Andrew Lawrence,Byron Reichstein,10,2,0,2,0,2,0,2,0,2,,,,,,SP,15,4,1
2023-08-18,20230818BARLON1,BAR,LON,R,2023,20230818BARLON1-11,Royce Ando,Alex Springer,R,R,fielders_choice_out,"Ryan Rijo advances to 2nd, Royce Ando putout (3) for out number 1",hit_into_play,X,3,ground_ball,0,0,0,2,Top,,,,,,,,,,,,Ryan Rijo,Brad Verhoeven,Kayne McGee,Brett Graham,Daniel Battel,Tommy Reyes-Cruz,Starling Joseph,Andrew Lawrence,Byron Reichstein,11,1,0,2,0,2,0,2,0,2,,,,,,SP,16,5,1
2023-08-18,20230818BARLON1,BAR,LON,R,2023,20230818BARLON1-12,Hayden Jaco,Alex Springer,R,R,field_out,Hayden Jaco putout (fly out to right field) for out number 2,hit_into_play,X,9,fly_ball,0,0,1,2,Top,,,,,,,,,,,Ryan Rijo,,Brad Verhoeven,Kayne McGee,Brett Graham,Daniel Battel,Tommy Reyes-Cruz,Starling Joseph,Andrew Lawrence,Byron Reichstein,12,1,0,2,0,2,0,2,0,2,,,,,,SP,17,6,1
2023-08-18,20230818BARLON1,BAR,LON,R,2023,20230818BARLON1-13,Carson Burns,Alex Springer,L,R,,Carson Burns putout (fly out to left field) for out number 3,called_strike,S,,,0,0,2,2,Top,,,,,,,,,,,Ryan Rijo,,Brad Verhoeven,Kayne McGee,Brett Graham,Daniel Battel,Tommy Reyes-Cruz,Starling Joseph,Andrew Lawrence,Byron Reichstein,13,1,0,2,0,2,0,2,0,2,,,,,,SP,18,7,1
2023-08-18,20230818BARLON1,BAR,LON,R,2023,20230818BARLON1-13,Carson Burns,Alex Springer,L,R,,Carson Burns putout (fly out to left field) for out number 3,ball,B,,,0,1,2,2,Top,,,,,,,,,,,Ryan Rijo,,Brad Verhoeven,Kayne McGee,Brett Graham,Daniel Battel,Tommy Reyes-Cruz,Starling Joseph,Andrew Lawrence,Byron Reichstein,13,2,0,2,0,2,0,2,0,2,,,,,,SP,19,7,1
2023-08-18,20230818BARLON1,BAR,LON,R,2023,20230818BARLON1-13,Carson Burns,Alex Springer,L,R,field_out,Carson Burns putout (fly out to left field) for out number 3,hit_into_play,X,7,fly_ball,1,1,2,2,Top,,,,,,,,,,,Ryan Rijo,,Brad Verhoeven,Kayne McGee,Brett Graham,Daniel Battel,Tommy Reyes-Cruz,Starling Joseph,Andrew Lawrence,Byron Reichstein,13,3,0,2,0,2,0,2,0,2,,,,,,SP,20,7,1
2023-08-18,20230818BARLON1,BAR,LON,R,2023,20230818BARLON1-14,Brett Graham,Juan Benitez,R,R,,Brett Graham putout (fly out to left field) for out number 1,called_strike,S,,,0,0,0,2,Bot,,,,,,,,,,,,,Hayden Jaco,Domenico Morea,Royce Ando,Adam Odd,Carson Burns,Starlin Rodriguez,Canice Ejoh,Avery Tuck,14,1,0,2,2,0,0,2,2,0,,,,,,SP,23,7,1
2023-08-18,20230818BARLON1,BAR,LON,R,2023,20230818BARLON1-14,Brett Graham,Juan Benitez,R,R,field_out,Brett Graham putout (fly out to left field) for out number 1,hit_into_play,X,7,fly_ball,0,1,0,2,Bot,,,,,,,,,,,,,Hayden Jaco,Domenico Morea,Royce Ando,Adam Odd,Carson Burns,Starlin Rodriguez,Canice Ejoh,Avery Tuck,14,2,0,2,2,0,0,2,2,0,,,,,,SP,24,7,1
2023-08-18,20230818BARLON1,BAR,LON,R,2023,20230818BARLON1-15,Daniel Battel,Juan Benitez,L,R,,Daniel Battel advances to 1st (single to right field),ball,B,,,0,0,1,2,Bot,,,,,,,,,,,,,Hayden Jaco,Domenico Morea,Royce Ando,Adam Odd,Carson Burns,Starlin Rodriguez,Canice Ejoh,Avery Tuck,15,1,0,2,2,0,0,2,2,0,,,,,,SP,25,8,1
2023-08-18,20230818BARLON1,BAR,LON,R,2023,20230818BARLON1-15,Daniel Battel,Juan Benitez,L,R,,Daniel Battel advances to 1st (single to right field),ball,B,,,1,0,1,2,Bot,,,,,,,,,,,,,Hayden Jaco,Domenico Morea,Royce Ando,Adam Odd,Carson Burns,Starlin Rodriguez,Canice Ejoh,Avery Tuck,15,2,0,2,2,0,0,2,2,0,,,,,,SP,26,8,1
2023-08-18,20230818BARLON1,BAR,LON,R,2023,20230818BARLON1-15,Daniel Battel,Juan Benitez,L,R,single,Daniel Battel advances to 1st (single to right field),hit_into_play,X,9,line_drive,2,0,1,2,Bot,,,,,,,,,,,,,Hayden Jaco,Domenico Morea,Royce Ando,Adam Odd,Carson Burns,Starlin Rodriguez,Canice Ejoh,Avery Tuck,15,3,0,2,2,0,0,2,2,0,,,,,,SP,27,8,1
2023-08-18,20230818BARLON1,BAR,LON,R,2023,20230818BARLON1-16,Brad Verhoeven,Juan Benitez,R,R,fielders_choice_out,"Daniel Battel advances to 2nd, Brad Verhoeven putout (6-3) for out number 2",hit_into_play,X,6,ground_ball,0,0,1,2,Bot,,,,,,,,,,,,Daniel Battel,Hayden Jaco,Domenico Morea,Royce Ando,Adam Odd,Carson Burns,Starlin Rodriguez,Canice Ejoh,Avery Tuck,16,1,0,2,2,0,0,2,2,0,,,,,,SP,28,9,1
2023-08-18,20230818BARLON1,BAR,LON,R,2023,20230818BARLON1-17,Andrew Lawrence,Juan Benitez,R,R,,Andrew Lawrence putout (strike out swinging) for out number 3,called_strike,S,,,0,0,2,2,Bot,,,,,,,,,,,Daniel Battel,,Hayden Jaco,Domenico Morea,Royce Ando,Adam Odd,Carson Burns,Starlin Rodriguez,Canice Ejoh,Avery Tuck,17,1,0,2,2,0,0,2,2,0,,,,,,SP,29,10,2
2023-08-18,20230818BARLON1,BAR,LON,R,2023,20230818BARLON1-17,Andrew Lawrence,Juan Benitez,R,R,,Andrew Lawrence putout (strike out swinging) for out number 3,ball,B,,,0,1,2,2,Bot,,,,,,,,,,,Daniel Battel,,Hayden Jaco,Domenico Morea,Royce Ando,Adam Odd,Carson Burns,Starlin Rodriguez,Canice Ejoh,Avery Tuck,17,2,0,2,2,0,0,2,2,0,,,,,,SP,30,10,2
2023-08-18,20230818BARLON1,BAR,LON,R,2023,20230818BARLON1-17,Andrew Lawrence,Juan Benitez,R,R,,Andrew Lawrence putout (strike out swinging) for out number 3,called_strike,S,,,1,1,2,2,Bot,,,,,,,,,,,Daniel Battel,,Hayden Jaco,Domenico Morea,Royce Ando,Adam Odd,Carson Burns,Starlin Rodriguez,Canice Ejoh,Avery Tuck,17,3,0,2,2,0,0,2,2,0,,,,,,SP,31,10,2
2023-08-18,20230818BARLON1,BAR,LON,R,2023,20230818BARLON1-17,Andrew Lawrence,Juan Benitez,R,R,strikeout,Andrew Lawrence putout (strike out swinging) for out number 3,swinging_strike,S,2,,1,2,2,2,Bot,,,,,,,,,,,Daniel Battel,,Hayden Jaco,Domenico Morea,Royce Ando,Adam Odd,Carson Burns,Starlin Rodriguez,Canice Ejoh,Avery Tuck,17,4,0,2,2,0,0,2,2,0,,,,,,SP,32,10,2
2023-08-18,20230818BARLON1,BAR,LON,R,2023,20230818BARLON1-18,Domenico Morea,Alex Springer,L,R,,Domenico Morea advances to 1st (hit by pitch),ball,B,,,0,0,0,3,Top,,,,,,,,,,,,,Brad Verhoeven,Kayne McGee,Brett Graham,Daniel Battel,Tommy Reyes-Cruz,Starling Joseph,Andrew Lawrence,Byron Reichstein,18,1,0,2,0,2,0,2,0,2,,,,,,SP,21,8,1
2023-08-18,20230818BARLON1,BAR,LON,R,2023,20230818BARLON1-18,Domenico Morea,Alex Springer,L,R,hit_by_pitch,Domenico Morea advances to 1st (hit by pitch),hit_by_pitch,B,,,1,0,0,3,Top,,,,,,,,,,,,,Brad Verhoeven,Kayne McGee,Brett Graham,Daniel Battel,Tommy Reyes-Cruz,Starling Joseph,Andrew Lawrence,Byron Reichstein,18,2,0,2,0,2,0,2,0,2,,,,,,SP,22,8,1
2023-08-18,20230818BARLON1,BAR,LON,R,2023,20230818BARLON1-19,Avery Tuck,Alex Springer,L,R,,Avery Tuck putout (strike out) for out number 1,ball,B,,,0,0,0,3,Top,,,,,,,,,,,,Domenico Morea,Brad Verhoeven,Kayne McGee,Brett Graham,Daniel Battel,Tommy Reyes-Cruz,Starling Joseph,Andrew Lawrence,Byron Reichstein,19,1,0,2,0,2,0,2,0,2,,,,,,SP,23,9,1
2023-08-18,20230818BARLON1,BAR,LON,R,2023,20230818BARLON1-19,Avery Tuck,Alex Springer,L,R,,Avery Tuck putout (strike out) for out number 1,foul,S,,,1,0,0,3,Top,,,,,,,,,,,,Domenico Morea,Brad Verhoeven,Kayne McGee,Brett Graham,Daniel Battel,Tommy Reyes-Cruz,Starling Joseph,Andrew Lawrence,Byron Reichstein,19,2,0,2,0,2,0,2,0,2,,,,,,SP,24,9,1
2023-08-18,20230818BARLON1,BAR,LON,R,2023,20230818BARLON1-19,Avery Tuck,Alex Springer,L,R,,Avery Tuck putout (strike out) for out number 1,called_strike,S,,,1,1,0,3,Top,,,,,,,,,,,,Domenico Morea,Brad Verhoeven,Kayne McGee,Brett Graham,Daniel Battel,Tommy Reyes-Cruz,Starling Joseph,Andrew Lawrence,Byron Reichstein,19,3,0,2,0,2,0,2,0,2,,,,,,SP,25,9,1
2023-08-18,20230818BARLON1,BAR,LON,R,2023,20230818BARLON1-19,Avery Tuck,Alex Springer,L,R,strikeout,Avery Tuck putout (strike out) for out number 1,called_strike,S,2,,1,2,0,3,Top,,,,,,,,,,,,Domenico Morea,Brad Verhoeven,Kayne McGee,Brett Graham,Daniel Battel,Tommy Reyes-Cruz,Starling Joseph,Andrew Lawrence,Byron Reichstein,19,4,0,2,0,2,0,2,0,2,,,,,,SP,26,9,1
2023-08-18,20230818BARLON1,BAR,LON,R,2023,20230818BARLON1-20,Canice Ejoh,Alex Springer,R,R,,"Canice Ejoh advances to 1st (single to left field), Domenico Morea advances to 2nd",ball,B,,,0,0,1,3,Top,,,,,,,,,,,,Domenico Morea,Brad Verhoeven,Kayne McGee,Brett Graham,Daniel Battel,Tommy Reyes-Cruz,Starling Joseph,Andrew Lawrence,Byron Reichstein,20,1,0,2,0,2,0,2,0,2,,,,,,SP,27,10,2
2023-08-18,20230818BARLON1,BAR,LON,R,2023,20230818BARLON1-20,Canice Ejoh,Alex Springer,R,R,,"Canice Ejoh advances to 1st (single to left field), Domenico Morea advances to 2nd",ball,B,,,1,0,1,3,Top,,,,,,,,,,,,Domenico Morea,Brad Verhoeven,Kayne McGee,Brett Graham,Daniel Battel,Tommy Reyes-Cruz,Starling Joseph,Andrew Lawrence,Byron Reichstein,20,2,0,2,0,2,0,2,0,2,,,,,,SP,28,10,2
2023-08-18,20230818BARLON1,BAR,LON,R,2023,20230818BARLON1-20,Canice Ejoh,Alex Springer,R,R,,"Canice Ejoh advances to 1st (single to left field), Domenico Morea advances to 2nd",foul,S,,,2,0,1,3,Top,,,,,,,,,,,,Domenico Morea,Brad Verhoeven,Kayne McGee,Brett Graham,Daniel Battel,Tommy Reyes-Cruz,Starling Joseph,Andrew Lawrence,Byron Reichstein,20,3,0,2,0,2,0,2,0,2,,,,,,SP,29,10,2
2023-08-18,20230818BARLON1,BAR,LON,R,2023,20230818BARLON1-20,Canice Ejoh,Alex Springer,R,R,,"Canice Ejoh advances to 1st (single to left field), Domenico Morea advances to 2nd",ball,B,,,2,1,1,3,Top,,,,,,,,,,,,Domenico Morea,Brad Verhoeven,Kayne McGee,Brett Graham,Daniel Battel,Tommy Reyes-Cruz,Starling Joseph,Andrew Lawrence,Byron Reichstein,20,4,0,2,0,2,0,2,0,2,,,,,,SP,30,10,2
2023-08-18,20230818BARLON1,BAR,LON,R,2023,20230818BARLON1-20,Canice Ejoh,Alex Springer,R,R,,"Canice Ejoh advances to 1st (single to left field), Domenico Morea advances to 2nd",called_strike,S,,,3,1,1,3,Top,,,,,,,,,,,,Domenico Morea,Brad Verhoeven,Kayne McGee,Brett Graham,Daniel Battel,Tommy Reyes-Cruz,Starling Joseph,Andrew Lawrence,Byron Reichstein,20,5,0,2,0,2,0,2,0,2,,,,,,SP,31,10,2
2023-08-18,20230818BARLON1,BAR,LON,R,2023,20230818BARLON1-20,Canice Ejoh,Alex Springer,R,R,,"Canice Ejoh advances to 1st (single to left field), Domenico Morea advances to 2nd",foul,S,,,3,2,1,3,Top,,,,,,,,,,,,Domenico Morea,Brad Verhoeven,Kayne McGee,Brett Graham,Daniel Battel,Tommy Reyes-Cruz,Starling Joseph,Andrew Lawrence,Byron Reichstein,20,6,0,2,0,2,0,2,0,2,,,,,,SP,32,10,2
2023-08-18,20230818BARLON1,BAR,LON,R,2023,20230818BARLON1-20,Canice Ejoh,Alex Springer,R,R,single,"Canice Ejoh advances to 1st (single to left field), Domenico Morea advances to 2nd",hit_into_play,X,7,line_drive,3,2,1,3,Top,,,,,,,,,,,,Domenico Morea,Brad Verhoeven,Kayne McGee,Brett Graham,Daniel Battel,Tommy Reyes-Cruz,Starling Joseph,Andrew Lawrence,Byron Reichstein,20,7,0,2,0,2,0,2,0,2,,,,,,SP,33,10,2
2023-08-18,20230818BARLON1,BAR,LON,R,2023,20230818BARLON1-21,Adam Odd,Alex Springer,L,R,,"Canice Ejoh putout (4-6) for out number 2, Adam Odd putout (4-6-3 DP) for out number 3",ball,B,,,0,0,1,3,Top,,,,,,,,,,,Domenico Morea,Canice Ejoh,Brad Verhoeven,Kayne McGee,Brett Graham,Daniel Battel,Tommy Reyes-Cruz,Starling Joseph,Andrew Lawrence,Byron Reichstein,21,1,0,2,0,2,0,2,0,2,,,,,,SP,34,11,2
2023-08-18,20230818BARLON1,BAR,LON,R,2023,20230818BARLON1-21,Adam Odd,Alex Springer,L,R,,"Canice Ejoh putout (4-6) for out number 2, Adam Odd putout (4-6-3 DP) for out number 3",ball,B,,,1,0,1,3,Top,,,,,,,,,,,Domenico Morea,Canice Ejoh,Brad Verhoeven,Kayne McGee,Brett Graham,Daniel Battel,Tommy Reyes-Cruz,Starling Joseph,Andrew Lawrence,Byron Reichstein,21,2,0,2,0,2,0,2,0,2,,,,,,SP,35,11,2
2023-08-18,20230818BARLON1,BAR,LON,R,2023,20230818BARLON1-21,Adam Odd,Alex Springer,L,R,,"Canice Ejoh putout (4-6) for out number 2, Adam Odd putout (4-6-3 DP) for out number 3",called_strike,S,,,2,0,1,3,Top,,,,,,,,,,,Domenico Morea,Canice Ejoh,Brad Verhoeven,Kayne McGee,Brett Graham,Daniel Battel,Tommy Reyes-Cruz,Starling Joseph,Andrew Lawrence,Byron Reichstein,21,3,0,2,0,2,0,2,0,2,,,,,,SP,36,11,2
2023-08-18,20230818BARLON1,BAR,LON,R,2023,20230818BARLON1-21,Adam Odd,Alex Springer,L,R,grounded_into_double_play,"Canice Ejoh putout (4-6) for out number 2, Adam Odd putout (4-6-3 DP) for out number 3",hit_into_play,X,4,ground_ball,2,1,1,3,Top,,,,,,,,,,,Domenico Morea,Canice Ejoh,Brad Verhoeven,Kayne McGee,Brett Graham,Daniel Battel,Tommy Reyes-Cruz,Starling Joseph,Andrew Lawrence,Byron Reichstein,21,4,0,2,0,2,0,2,0,2,,,,,,SP,37,11,2
2023-08-18,20230818BARLON1,BAR,LON,R,2023,20230818BARLON1-22,Byron Reichstein,Juan Benitez,R,R,,Byron Reichstein putout (fly out to the third baseman) for out number 1,called_strike,S,,,0,0,0,3,Bot,,,,,,,,,,,,,Hayden Jaco,Domenico Morea,Royce Ando,Adam Odd,Carson Burns,Starlin Rodriguez,Canice Ejoh,Avery Tuck,22,1,0,2,2,0,0,2,2,0,,,,,,SP,33,11,2
2023-08-18,20230818BARLON1,BAR,LON,R,2023,20230818BARLON1-22,Byron Reichstein,Juan Benitez,R,R,,Byron Reichstein putout (fly out to the third baseman) for out number 1,foul,S,,,0,1,0,3,Bot,,,,,,,,,,,,,Hayden Jaco,Domenico Morea,Royce Ando,Adam Odd,Carson Burns,Starlin Rodriguez,Canice Ejoh,Avery Tuck,22,2,0,2,2,0,0,2,2,0,,,,,,SP,34,11,2
2023-08-18,20230818BARLON1,BAR,LON,R,2023,20230818BARLON1-22,Byron Reichstein,Juan Benitez,R,R,,Byron Reichstein putout (fly out to the third baseman) for out number 1,ball,B,,,0,2,0,3,Bot,,,,,,,,,,,,,Hayden Jaco,Domenico Morea,Royce Ando,Adam Odd,Carson Burns,Starlin Rodriguez,Canice Ejoh,Avery Tuck,22,3,0,2,2,0,0,2,2,0,,,,,,SP,35,11,2
2023-08-18,20230818BARLON1,BAR,LON,R,2023,20230818BARLON1-22,Byron Reichstein,Juan Benitez,R,R,,Byron Reichstein putout (fly out to the third baseman) for out number 1,ball,B,,,1,2,0,3,Bot,,,,,,,,,,,,,Hayden Jaco,Domenico Morea,Royce Ando,Adam Odd,Carson Burns,Starlin Rodriguez,Canice Ejoh,Avery Tuck,22,4,0,2,2,0,0,2,2,0,,,,,,SP,36,11,2
2023-08-18,20230818BARLON1,BAR,LON,R,2023,20230818BARLON1-22,Byron Reichstein,Juan Benitez,R,R,,Byron Reichstein putout (fly out to the third baseman) for out number 1,ball,B,,,2,2,0,3,Bot,,,,,,,,,,,,,Hayden Jaco,Domenico Morea,Royce Ando,Adam Odd,Carson Burns,Starlin Rodriguez,Canice Ejoh,Avery Tuck,22,5,0,2,2,0,0,2,2,0,,,,,,SP,37,11,2
2023-08-18,20230818BARLON1,BAR,LON,R,2023,20230818BARLON1-22,Byron Reichstein,Juan Benitez,R,R,field_out,Byron Reichstein putout (fly out to the third baseman) for out number 1,hit_into_play,X,5,popup,3,2,0,3,Bot,,,,,,,,,,,,,Hayden Jaco,Domenico Morea,Royce Ando,Adam Odd,Carson Burns,Starlin Rodriguez,Canice Ejoh,Avery Tuck,22,6,0,2,2,0,0,2,2,0,,,,,,SP,38,11,2
2023-08-18,20230818BARLON1,BAR,LON,R,2023,20230818BARLON1-23,Starling Joseph,Juan Benitez,R,R,,Starling Joseph Scores Earned (home run),ball,B,,,0,0,1,3,Bot,,,,,,,,,,,,,Hayden Jaco,Domenico Morea,Royce Ando,Adam Odd,Carson Burns,Starlin Rodriguez,Canice Ejoh,Avery Tuck,23,1,0,2,2,0,0,3,3,0,,,,,,SP,39,12,2
2023-08-18,20230818BARLON1,BAR,LON,R,2023,20230818BARLON1-23,Starling Joseph,Juan Benitez,R,R,,Starling Joseph Scores Earned (home run),ball,B,,,1,0,1,3,Bot,,,,,,,,,,,,,Hayden Jaco,Domenico Morea,Royce Ando,Adam Odd,Carson Burns,Starlin Rodriguez,Canice Ejoh,Avery Tuck,23,2,0,2,2,0,0,3,3,0,,,,,,SP,40,12,2
2023-08-18,20230818BARLON1,BAR,LON,R,2023,20230818BARLON1-23,Starling Joseph,Juan Benitez,R,R,,Starling Joseph Scores Earned (home run),foul,S,,,2,0,1,3,Bot,,,,,,,,,,,,,Hayden Jaco,Domenico Morea,Royce Ando,Adam Odd,Carson Burns,Starlin Rodriguez,Canice Ejoh,Avery Tuck,23,3,0,2,2,0,0,3,3,0,,,,,,SP,41,12,2
2023-08-18,20230818BARLON1,BAR,LON,R,2023,20230818BARLON1-23,Starling Joseph,Juan Benitez,R,R,,Starling Joseph Scores Earned (home run),swinging_strike,S,,,2,1,1,3,Bot,,,,,,,,,,,,,Hayden Jaco,Domenico Morea,Royce Ando,Adam Odd,Carson Burns,Starlin Rodriguez,Canice Ejoh,Avery Tuck,23,4,0,2,2,0,0,3,3,0,,,,,,SP,42,12,2
2023-08-18,20230818BARLON1,BAR,LON,R,2023,20230818BARLON1-23,Starling Joseph,Juan Benitez,R,R,,Starling Joseph Scores Earned (home run),ball,B,,,2,2,1,3,Bot,,,,,,,,,,,,,Hayden Jaco,Domenico Morea,Royce Ando,Adam Odd,Carson Burns,Starlin Rodriguez,Canice Ejoh,Avery Tuck,23,5,0,2,2,0,0,3,3,0,,,,,,SP,43,12,2
2023-08-18,20230818BARLON1,BAR,LON,R,2023,20230818BARLON1-23,Starling Joseph,Juan Benitez,R,R,home_run,Starling Joseph Scores Earned (home run),hit_into_play,X,,fly_ball,3,2,1,3,Bot,,,,,,,,,,,,,Hayden Jaco,Domenico Morea,Royce Ando,Adam Odd,Carson Burns,Starlin Rodriguez,Canice Ejoh,Avery Tuck,23,6,0,2,2,0,0,3,3,0,,,,,,SP,44,12,2
2023-08-18,20230818BARLON1,BAR,LON,R,2023,20230818BARLON1-24,Cleveland Brownlee,Juan Benitez,R,R,field_out,Cleveland Brownlee putout (fly out to right field) for out number 2,hit_into_play,X,9,fly_ball,0,0,1,3,Bot,,,,,,,,,,,,,Hayden Jaco,Domenico Morea,Royce Ando,Adam Odd,Carson Burns,Starlin Rodriguez,Canice Ejoh,Avery Tuck,24,1,0,3,3,0,0,3,3,0,,,,,,SP,45,13,2
2023-08-18,20230818BARLON1,BAR,LON,R,2023,20230818BARLON1-25,Tommy Reyes-Cruz,Juan Benitez,L,R,,Tommy Reyes-Cruz putout (3-1) for out number 3,ball,B,,,0,0,2,3,Bot,,,,,,,,,,,,,Hayden Jaco,Domenico Morea,Royce Ando,Adam Odd,Carson Burns,Starlin Rodriguez,Canice Ejoh,Avery Tuck,25,1,0,3,3,0,0,3,3,0,,,,,,SP,46,14,2
2023-08-18,20230818BARLON1,BAR,LON,R,2023,20230818BARLON1-25,Tommy Reyes-Cruz,Juan Benitez,L,R,,Tommy Reyes-Cruz putout (3-1) for out number 3,foul,S,,,1,0,2,3,Bot,,,,,,,,,,,,,Hayden Jaco,Domenico Morea,Royce Ando,Adam Odd,Carson Burns,Starlin Rodriguez,Canice Ejoh,Avery Tuck,25,2,0,3,3,0,0,3,3,0,,,,,,SP,47,14,2
2023-08-18,20230818BARLON1,BAR,LON,R,2023,20230818BARLON1-25,Tommy Reyes-Cruz,Juan Benitez,L,R,,Tommy Reyes-Cruz putout (3-1) for out number 3,swinging_strike,S,,,1,1,2,3,Bot,,,,,,,,,,,,,Hayden Jaco,Domenico Morea,Royce Ando,Adam Odd,Carson Burns,Starlin Rodriguez,Canice Ejoh,Avery Tuck,25,3,0,3,3,0,0,3,3,0,,,,,,SP,48,14,2
2023-08-18,20230818BARLON1,BAR,LON,R,2023,20230818BARLON1-25,Tommy Reyes-Cruz,Juan Benitez,L,R,,Tommy Reyes-Cruz putout (3-1) for out number 3,ball,B,,,1,2,2,3,Bot,,,,,,,,,,,,,Hayden Jaco,Domenico Morea,Royce Ando,Adam Odd,Carson Burns,Starlin Rodriguez,Canice Ejoh,Avery Tuck,25,4,0,3,3,0,0,3,3,0,,,,,,SP,49,14,2
2023-08-18,20230818BARLON1,BAR,LON,R,2023,20230818BARLON1-25,Tommy Reyes-Cruz,Juan Benitez,L,R,field_out,Tommy Reyes-Cruz putout (3-1) for out number 3,hit_into_play,X,3,ground_ball,2,2,2,3,Bot,,,,,,,,,,,,,Hayden Jaco,Domenico Morea,Royce Ando,Adam Odd,Carson Burns,Starlin Rodriguez,Canice Ejoh,Avery Tuck,25,5,0,3,3,0,0,3,3,0,,,,,,SP,50,14,2
2023-08-18,20230818BARLON1,BAR,LON,R,2023,20230818BARLON1-26,Starlin Rodriguez,Alex Springer,R,R,,Starlin Rodriguez putout (6-3) for out number 1,called_strike,S,,,0,0,0,4,Top,,,,,,,,,,,,,Brad Verhoeven,Kayne McGee,Brett Graham,Daniel Battel,Tommy Reyes-Cruz,Starling Joseph,Andrew Lawrence,Byron Reichstein,26,1,0,3,0,3,0,3,0,3,,,,,,SP,38,12,2
2023-08-18,20230818BARLON1,BAR,LON,R,2023,20230818BARLON1-26,Starlin Rodriguez,Alex Springer,R,R,field_out,Starlin Rodriguez putout (6-3) for out number 1,hit_into_play,X,6,ground_ball,0,1,0,4,Top,,,,,,,,,,,,,Brad Verhoeven,Kayne McGee,Brett Graham,Daniel Battel,Tommy Reyes-Cruz,Starling Joseph,Andrew Lawrence,Byron Reichstein,26,2,0,3,0,3,0,3,0,3,,,,,,SP,39,12,2
2023-08-18,20230818BARLON1,BAR,LON,R,2023,20230818BARLON1-27,Ryan Rijo,Alex Springer,L,R,single,Ryan Rijo advances to 1st (single to right field),hit_into_play,X,9,line_drive,0,0,1,4,Top,,,,,,,,,,,,,Brad Verhoeven,Kayne McGee,Brett Graham,Daniel Battel,Tommy Reyes-Cruz,Starling Joseph,Andrew Lawrence,Byron Reichstein,27,1,0,3,0,3,0,3,0,3,,,,,,SP,40,13,2
2023-08-18,20230818BARLON1,BAR,LON,R,2023,20230818BARLON1-28,Royce Ando,Alex Springer,R,R,double,"Royce Ando advances to 2nd (double to right field), Ryan Rijo advances to 3rd",hit_into_play,X,9,line_drive,0,0,1,4,Top,,,,,,,,,,,,Ryan Rijo,Brad Verhoeven,Kayne McGee,Brett Graham,Daniel Battel,Tommy Reyes-Cruz,Starling Joseph,Andrew Lawrence,Byron Reichstein,28,1,0,3,0,3,0,3,0,3,,,,,,SP,41,14,2
2023-08-18,20230818BARLON1,BAR,LON,R,2023,20230818BARLON1-29,Hayden Jaco,Alex Springer,R,R,,"Hayden Jaco advances to 1st (single to left field), Ryan Rijo Scores Earned, Royce Ando Scores Earned",ball,B,,,0,0,1,4,Top,,,,,,,,,,Ryan Rijo,Royce Ando,,Brad Verhoeven,Kayne McGee,Brett Graham,Daniel Battel,Tommy Reyes-Cruz,Starling Joseph,Andrew Lawrence,Byron Reichstein,29,1,0,3,0,3,2,3,2,3,,,,,,SP,42,15,2
2023-08-18,20230818BARLON1,BAR,LON,R,2023,20230818BARLON1-29,Hayden Jaco,Alex Springer,R,R,,"Hayden Jaco advances to 1st (single to left field), Ryan Rijo Scores Earned, Royce Ando Scores Earned",swinging_strike,S,,,1,0,1,4,Top,,,,,,,,,,Ryan Rijo,Royce Ando,,Brad Verhoeven,Kayne McGee,Brett Graham,Daniel Battel,Tommy Reyes-Cruz,Starling Joseph,Andrew Lawrence,Byron Reichstein,29,2,0,3,0,3,2,3,2,3,,,,,,SP,43,15,2
2023-08-18,20230818BARLON1,BAR,LON,R,2023,20230818BARLON1-29,Hayden Jaco,Alex Springer,R,R,single,"Hayden Jaco advances to 1st (single to left field), Ryan Rijo Scores Earned, Royce Ando Scores Earned",hit_into_play,X,7,line_drive,1,1,1,4,Top,,,,,,,,,,Ryan Rijo,Royce Ando,,Brad Verhoeven,Kayne McGee,Brett Graham,Daniel Battel,Tommy Reyes-Cruz,Starling Joseph,Andrew Lawrence,Byron Reichstein,29,3,0,3,0,3,2,3,2,3,,,,,,SP,44,15,2
2023-08-18,20230818BARLON1,BAR,LON,R,2023,20230818BARLON1-30,Carson Burns,Alex Springer,L,R,field_error,"Carson Burns advances to 1st (error by the second baseman), Carson Burns advances to 2nd, Hayden Jaco advances to 3rd",hit_into_play,X,4,ground_ball,0,0,1,4,Top,,,,,,,,,,,,Hayden Jaco,Brad Verhoeven,Kayne McGee,Brett Graham,Daniel Battel,Tommy Reyes-Cruz,Starling Joseph,Andrew Lawrence,Byron Reichstein,30,1,2,3,2,3,2,3,2,3,,,,,,SP,45,16,2
2023-08-18,20230818BARLON1,BAR,LON,R,2023,20230818BARLON1-31,Domenico Morea,Alex Springer,L,R,,Domenico Morea putout (strike out) for out number 2,called_strike,S,,,0,0,1,4,Top,,,,,,,,,,Hayden Jaco,Carson Burns,,Brad Verhoeven,Kayne McGee,Brett Graham,Daniel Battel,Tommy Reyes-Cruz,Starling Joseph,Andrew Lawrence,Byron Reichstein,31,1,2,3,2,3,2,3,2,3,,,,,,SP,46,17,2
2023-08-18,20230818BARLON1,BAR,LON,R,2023,20230818BARLON1-31,Domenico Morea,Alex Springer,L,R,,Domenico Morea putout (strike out) for out number 2,foul,S,,,0,1,1,4,Top,,,,,,,,,,Hayden Jaco,Carson Burns,,Brad Verhoeven,Kayne McGee,Brett Graham,Daniel Battel,Tommy Reyes-Cruz,Starling Joseph,Andrew Lawrence,Byron Reichstein,31,2,2,3,2,3,2,3,2,3,,,,,,SP,47,17,2
2023-08-18,20230818BARLON1,BAR,LON,R,2023,20230818BARLON1-31,Domenico Morea,Alex Springer,L,R,,Domenico Morea putout (strike out) for out number 2,foul,S,,,0,2,1,4,Top,,,,,,,,,,Hayden Jaco,Carson Burns,,Brad Verhoeven,Kayne McGee,Brett Graham,Daniel Battel,Tommy Reyes-Cruz,Starling Joseph,Andrew Lawrence,Byron Reichstein,31,3,2,3,2,3,2,3,2,3,,,,,,SP,48,17,2
2023-08-18,20230818BARLON1,BAR,LON,R,2023,20230818BARLON1-31,Domenico Morea,Alex Springer,L,R,,Domenico Morea putout (strike out) for out number 2,foul,S,,,0,2,1,4,Top,,,,,,,,,,Hayden Jaco,Carson Burns,,Brad Verhoeven,Kayne McGee,Brett Graham,Daniel Battel,Tommy Reyes-Cruz,Starling Joseph,Andrew Lawrence,Byron Reichstein,31,4,2,3,2,3,2,3,2,3,,,,,,SP,49,17,2
2023-08-18,20230818BARLON1,BAR,LON,R,2023,20230818BARLON1-31,Domenico Morea,Alex Springer,L,R,,Domenico Morea putout (strike out) for out number 2,ball,B,,,0,2,1,4,Top,,,,,,,,,,Hayden Jaco,Carson Burns,,Brad Verhoeven,Kayne McGee,Brett Graham,Daniel Battel,Tommy Reyes-Cruz,Starling Joseph,Andrew Lawrence,Byron Reichstein,31,5,2,3,2,3,2,3,2,3,,,,,,SP,50,17,2
2023-08-18,20230818BARLON1,BAR,LON,R,2023,20230818BARLON1-31,Domenico Morea,Alex Springer,L,R,,Domenico Morea putout (strike out) for out number 2,foul,S,,,1,2,1,4,Top,,,,,,,,,,Hayden Jaco,Carson Burns,,Brad Verhoeven,Kayne McGee,Brett Graham,Daniel Battel,Tommy Reyes-Cruz,Starling Joseph,Andrew Lawrence,Byron Reichstein,31,6,2,3,2,3,2,3,2,3,,,,,,SP,51,17,2
2023-08-18,20230818BARLON1,BAR,LON,R,2023,20230818BARLON1-31,Domenico Morea,Alex Springer,L,R,strikeout,Domenico Morea putout (strike out) for out number 2,called_strike,S,2,,1,2,1,4,Top,,,,,,,,,,Hayden Jaco,Carson Burns,,Brad Verhoeven,Kayne McGee,Brett Graham,Daniel Battel,Tommy Reyes-Cruz,Starling Joseph,Andrew Lawrence,Byron Reichstein,31,7,2,3,2,3,2,3,2,3,,,,,,SP,52,17,2
2023-08-18,20230818BARLON1,BAR,LON,R,2023,20230818BARLON1-32,Avery Tuck,Alex Springer,L,R,,Avery Tuck putout (3) for out number 3,foul,S,,,0,0,2,4,Top,,,,,,,,,,Hayden Jaco,Carson Burns,,Brad Verhoeven,Kayne McGee,Brett Graham,Daniel Battel,Tommy Reyes-Cruz,Starling Joseph,Andrew Lawrence,Byron Reichstein,32,1,2,3,2,3,2,3,2,3,,,,,,SP,53,18,2
2023-08-18,20230818BARLON1,BAR,LON,R,2023,20230818BARLON1-32,Avery Tuck,Alex Springer,L,R,field_out,Avery Tuck putout (3) for out number 3,hit_into_play,X,3,ground_ball,0,1,2,4,Top,,,,,,,,,,Hayden Jaco,Carson Burns,,Brad Verhoeven,Kayne McGee,Brett Graham,Daniel Battel,Tommy Reyes-Cruz,Starling Joseph,Andrew Lawrence,Byron Reichstein,32,2,2,3,2,3,2,3,2,3,,,,,,SP,54,18,2
2023-08-18,20230818BARLON1,BAR,LON,R,2023,20230818BARLON1-33,Kayne McGee,Juan Benitez,L,R,,Kayne McGee Scores Earned (home run),called_strike,S,,,0,0,0,4,Bot,,,,,,,,,,,,,Hayden Jaco,Domenico Morea,Royce Ando,Adam Odd,Carson Burns,Starlin Rodriguez,Canice Ejoh,Avery Tuck,33,1,2,3,3,2,2,4,4,2,,,,,,SP,51,15,2
2023-08-18,20230818BARLON1,BAR,LON,R,2023,20230818BARLON1-33,Kayne McGee,Juan Benitez,L,R,home_run,Kayne McGee Scores Earned (home run),hit_into_play,X,,fly_ball,0,1,0,4,Bot,,,,,,,,,,,,,Hayden Jaco,Domenico Morea,Royce Ando,Adam Odd,Carson Burns,Starlin Rodriguez,Canice Ejoh,Avery Tuck,33,2,2,3,3,2,2,4,4,2,,,,,,SP,52,15,2
2023-08-18,20230818BARLON1,BAR,LON,R,2023,20230818BARLON1-34,Brett Graham,Juan Benitez,R,R,,Brett Graham putout (fly out to center field) for out number 1,ball,B,,,0,0,0,4,Bot,,,,,,,,,,,,,Hayden Jaco,Domenico Morea,Royce Ando,Adam Odd,Carson Burns,Starlin Rodriguez,Canice Ejoh,Avery Tuck,34,1,2,4,4,2,2,4,4,2,,,,,,SP,53,16,2
2023-08-18,20230818BARLON1,BAR,LON,R,2023,20230818BARLON1-34,Brett Graham,Juan Benitez,R,R,field_out,Brett Graham putout (fly out to center field) for out number 1,hit_into_play,X,8,fly_ball,1,0,0,4,Bot,,,,,,,,,,,,,Hayden Jaco,Domenico Morea,Royce Ando,Adam Odd,Carson Burns,Starlin Rodriguez,Canice Ejoh,Avery Tuck,34,2,2,4,4,2,2,4,4,2,,,,,,SP,54,16,2
2023-08-18,20230818BARLON1,BAR,LON,R,2023,20230818BARLON1-35,Daniel Battel,Juan Benitez,L,R,,Daniel Battel advances to 1st (single to center field),called_strike,S,,,0,0,1,4,Bot,,,,,,,,,,,,,Hayden Jaco,Domenico Morea,Royce Ando,Adam Odd,Carson Burns,Starlin Rodriguez,Canice Ejoh,Avery Tuck,35,1,2,4,4,2,2,4,4,2,,,,,,SP,55,17,2
2023-08-18,20230818BARLON1,BAR,LON,R,2023,20230818BARLON1-35,Daniel Battel,Juan Benitez,L,R,,Daniel Battel advances to 1st (single to center field),ball,B,,,0,1,1,4,Bot,,,,,,,,,,,,,Hayden Jaco,Domenico Morea,Royce Ando,Adam Odd,Carson Burns,Starlin Rodriguez,Canice Ejoh,Avery Tuck,35,2,2,4,4,2,2,4,4,2,,,,,,SP,56,17,2
2023-08-18,20230818BARLON1,BAR,LON,R,2023,20230818BARLON1-35,Daniel Battel,Juan Benitez,L,R,single,Daniel Battel advances to 1st (single to center field),hit_into_play,X,8,line_drive,1,1,1,4,Bot,,,,,,,,,,,,,Hayden Jaco,Domenico Morea,Royce Ando,Adam Odd,Carson Burns,Starlin Rodriguez,Canice Ejoh,Avery Tuck,35,3,2,4,4,2,2,4,4,2,,,,,,SP,57,17,2
2023-08-18,20230818BARLON1,BAR,LON,R,2023,20230818BARLON1-36,Brad Verhoeven,Juan Benitez,R,R,,"Brad Verhoeven advances to 1st (single to center field), Brad Verhoeven advances to 2nd (e8), Daniel Battel advances to 3rd (error by the center fielder), Daniel Battel Scores Earned",foul,S,,,0,0,1,4,Bot,,,,,,,,,,,,Daniel Battel,Hayden Jaco,Domenico Morea,Royce Ando,Adam Odd,Carson Burns,Starlin Rodriguez,Canice Ejoh,Avery Tuck,36,1,2,4,4,2,2,5,5,2,,,,,,SP,58,18,2
2023-08-18,20230818BARLON1,BAR,LON,R,2023,20230818BARLON1-36,Brad Verhoeven,Juan Benitez,R,R,single,"Brad Verhoeven advances to 1st (single to center field), Brad Verhoeven advances to 2nd (e8), Daniel Battel advances to 3rd (error by the center fielder), Daniel Battel Scores Earned",hit_into_play,X,8,line_drive,0,1,1,4,Bot,,,,,,,,,,,,Daniel Battel,Hayden Jaco,Domenico Morea,Royce Ando,Adam Odd,Carson Burns,Starlin Rodriguez,Canice Ejoh,Avery Tuck,36,2,2,4,4,2,2,5,5,2,,,,,,SP,59,18,2
2023-08-18,20230818BARLON1,BAR,LON,R,2023,20230818BARLON1-37,Andrew Lawrence,Juan Benitez,R,R,single,"Andrew Lawrence advances to 1st (single to shortstop), Andrew Lawrence advances to 2nd (e6), Brad Verhoeven advances to 3rd, Brad Verhoeven Scores Unearned (error by the shortstop)",hit_into_play,X,6,ground_ball,0,0,1,4,Bot,,,,,,,,,,,Brad Verhoeven,,Hayden Jaco,Domenico Morea,Royce Ando,Adam Odd,Carson Burns,Starlin Rodriguez,Canice Ejoh,Avery Tuck,37,1,2,5,5,2,2,6,6,2,,,,,,SP,60,19,3
2023-08-18,20230818BARLON1,BAR,LON,R,2023,20230818BARLON1-38,Byron Reichstein,Juan Benitez,R,R,,Byron Reichstein putout (dropped 3rd strike: KS 2-3) for out number 2,called_strike,S,,,0,0,1,4,Bot,,,,,,,,,,,Andrew Lawrence,,Hayden Jaco,Domenico Morea,Royce Ando,Adam Odd,Carson Burns,Starlin Rodriguez,Canice Ejoh,Avery Tuck,38,1,2,6,6,2,2,6,6,2,,,,,,SP,61,20,3
2023-08-18,20230818BARLON1,BAR,LON,R,2023,20230818BARLON1-38,Byron Reichstein,Juan Benitez,R,R,,Byron Reichstein putout (dropped 3rd strike: KS 2-3) for out number 2,called_strike,S,,,0,1,1,4,Bot,,,,,,,,,,,Andrew Lawrence,,Hayden Jaco,Domenico Morea,Royce Ando,Adam Odd,Carson Burns,Starlin Rodriguez,Canice Ejoh,Avery Tuck,38,2,2,6,6,2,2,6,6,2,,,,,,SP,62,20,3
2023-08-18,20230818BARLON1,BAR,LON,R,2023,20230818BARLON1-38,Byron Reichstein,Juan Benitez,R,R,,Byron Reichstein putout (dropped 3rd strike: KS 2-3) for out number 2,foul,S,,,0,2,1,4,Bot,,,,,,,,,,,Andrew Lawrence,,Hayden Jaco,Domenico Morea,Royce Ando,Adam Odd,Carson Burns,Starlin Rodriguez,Canice Ejoh,Avery Tuck,38,3,2,6,6,2,2,6,6,2,,,,,,SP,63,20,3
2023-08-18,20230818BARLON1,BAR,LON,R,2023,20230818BARLON1-38,Byron Reichstein,Juan Benitez,R,R,strikeout,Byron Reichstein putout (dropped 3rd strike: KS 2-3) for out number 2,swinging_strike,S,2,,0,2,1,4,Bot,,,,,,,,,,,Andrew Lawrence,,Hayden Jaco,Domenico Morea,Royce Ando,Adam Odd,Carson Burns,Starlin Rodriguez,Canice Ejoh,Avery Tuck,38,4,2,6,6,2,2,6,6,2,,,,,,SP,64,20,3
2023-08-18,20230818BARLON1,BAR,LON,R,2023,20230818BARLON1-39,Starling Joseph,Juan Benitez,R,R,field_out,Starling Joseph putout (5-3) for out number 3,hit_into_play,X,5,ground_ball,0,0,2,4,Bot,,,,,,,,,,,Andrew Lawrence,,Hayden Jaco,Domenico Morea,Royce Ando,Adam Odd,Carson Burns,Starlin Rodriguez,Canice Ejoh,Avery Tuck,39,1,2,6,6,2,2,6,6,2,,,,,,SP,65,21,3
2023-08-18,20230818BARLON1,BAR,LON,R,2023,20230818BARLON1-40,Canice Ejoh,Alex Springer,R,R,,Canice Ejoh putout (strike out swinging) for out number 1,ball,B,,,0,0,0,5,Top,,,,,,,,,,,,,Brad Verhoeven,Kayne McGee,Brett Graham,Daniel Battel,Tommy Reyes-Cruz,Starling Joseph,Andrew Lawrence,Byron Reichstein,40,1,2,6,2,6,2,6,2,6,,,,,,SP,55,19,3
2023-08-18,20230818BARLON1,BAR,LON,R,2023,20230818BARLON1-40,Canice Ejoh,Alex Springer,R,R,,Canice Ejoh putout (strike out swinging) for out number 1,called_strike,S,,,1,0,0,5,Top,,,,,,,,,,,,,Brad Verhoeven,Kayne McGee,Brett Graham,Daniel Battel,Tommy Reyes-Cruz,Starling Joseph,Andrew Lawrence,Byron Reichstein,40,2,2,6,2,6,2,6,2,6,,,,,,SP,56,19,3
2023-08-18,20230818BARLON1,BAR,LON,R,2023,20230818BARLON1-40,Canice Ejoh,Alex Springer,R,R,,Canice Ejoh putout (strike out swinging) for out number 1,swinging_strike,S,,,1,1,0,5,Top,,,,,,,,,,,,,Brad Verhoeven,Kayne McGee,Brett Graham,Daniel Battel,Tommy Reyes-Cruz,Starling Joseph,Andrew Lawrence,Byron Reichstein,40,3,2,6,2,6,2,6,2,6,,,,,,SP,57,19,3
2023-08-18,20230818BARLON1,BAR,LON,R,2023,20230818BARLON1-40,Canice Ejoh,Alex Springer,R,R,,Canice Ejoh putout (strike out swinging) for out number 1,foul,S,,,1,2,0,5,Top,,,,,,,,,,,,,Brad Verhoeven,Kayne McGee,Brett Graham,Daniel Battel,Tommy Reyes-Cruz,Starling Joseph,Andrew Lawrence,Byron Reichstein,40,4,2,6,2,6,2,6,2,6,,,,,,SP,58,19,3
2023-08-18,20230818BARLON1,BAR,LON,R,2023,20230818BARLON1-40,Canice Ejoh,Alex Springer,R,R,,Canice Ejoh putout (strike out swinging) for out number 1,foul,S,,,1,2,0,5,Top,,,,,,,,,,,,,Brad Verhoeven,Kayne McGee,Brett Graham,Daniel Battel,Tommy Reyes-Cruz,Starling Joseph,Andrew Lawrence,Byron Reichstein,40,5,2,6,2,6,2,6,2,6,,,,,,SP,59,19,3
2023-08-18,20230818BARLON1,BAR,LON,R,2023,20230818BARLON1-40,Canice Ejoh,Alex Springer,R,R,,Canice Ejoh putout (strike out swinging) for out number 1,ball,B,,,1,2,0,5,Top,,,,,,,,,,,,,Brad Verhoeven,Kayne McGee,Brett Graham,Daniel Battel,Tommy Reyes-Cruz,Starling Joseph,Andrew Lawrence,Byron Reichstein,40,6,2,6,2,6,2,6,2,6,,,,,,SP,60,19,3
2023-08-18,20230818BARLON1,BAR,LON,R,2023,20230818BARLON1-40,Canice Ejoh,Alex Springer,R,R,,Canice Ejoh putout (strike out swinging) for out number 1,ball,B,,,2,2,0,5,Top,,,,,,,,,,,,,Brad Verhoeven,Kayne McGee,Brett Graham,Daniel Battel,Tommy Reyes-Cruz,Starling Joseph,Andrew Lawrence,Byron Reichstein,40,7,2,6,2,6,2,6,2,6,,,,,,SP,61,19,3
2023-08-18,20230818BARLON1,BAR,LON,R,2023,20230818BARLON1-40,Canice Ejoh,Alex Springer,R,R,strikeout,Canice Ejoh putout (strike out swinging) for out number 1,swinging_strike,S,2,,3,2,0,5,Top,,,,,,,,,,,,,Brad Verhoeven,Kayne McGee,Brett Graham,Daniel Battel,Tommy Reyes-Cruz,Starling Joseph,Andrew Lawrence,Byron Reichstein,40,8,2,6,2,6,2,6,2,6,,,,,,SP,62,19,3
2023-08-18,20230818BARLON1,BAR,LON,R,2023,20230818BARLON1-41,Adam Odd,Alex Springer,L,R,,Adam Odd advances to 1st (single to left field),called_strike,S,,,0,0,1,5,Top,,,,,,,,,,,,,Brad Verhoeven,Kayne McGee,Brett Graham,Daniel Battel,Tommy Reyes-Cruz,Starling Joseph,Andrew Lawrence,Byron Reichstein,41,1,2,6,2,6,2,6,2,6,,,,,,SP,63,20,3
2023-08-18,20230818BARLON1,BAR,LON,R,2023,20230818BARLON1-41,Adam Odd,Alex Springer,L,R,,Adam Odd advances to 1st (single to left field),swinging_strike,S,,,0,1,1,5,Top,,,,,,,,,,,,,Brad Verhoeven,Kayne McGee,Brett Graham,Daniel Battel,Tommy Reyes-Cruz,Starling Joseph,Andrew Lawrence,Byron Reichstein,41,2,2,6,2,6,2,6,2,6,,,,,,SP,64,20,3
2023-08-18,20230818BARLON1,BAR,LON,R,2023,20230818BARLON1-41,Adam Odd,Alex Springer,L,R,single,Adam Odd advances to 1st (single to left field),hit_into_play,X,7,line_drive,0,2,1,5,Top,,,,,,,,,,,,,Brad Verhoeven,Kayne McGee,Brett Graham,Daniel Battel,Tommy Reyes-Cruz,Starling Joseph,Andrew Lawrence,Byron Reichstein,41,3,2,6,2,6,2,6,2,6,,,,,,SP,65,20,3
2023-08-18,20230818BARLON1,BAR,LON,R,2023,20230818BARLON1-42,Starlin Rodriguez,Alex Springer,R,R,,"Adam Odd Scores Earned, Starlin Rodriguez Scores Earned (home run)",called_strike,S,,,0,0,1,5,Top,,,,,,,,,,,,Adam Odd,Brad Verhoeven,Kayne McGee,Brett Graham,Daniel Battel,Tommy Reyes-Cruz,Starling Joseph,Andrew Lawrence,Byron Reichstein,42,1,2,6,2,6,4,6,4,6,,,,,,SP,66,21,3
2023-08-18,20230818BARLON1,BAR,LON,R,2023,20230818BARLON1-42,Starlin Rodriguez,Alex Springer,R,R,home_run,"Adam Odd Scores Earned, Starlin Rodriguez Scores Earned (home run)",hit_into_play,X,,fly_ball,0,1,1,5,Top,,,,,,,,,,,,Adam Odd,Brad Verhoeven,Kayne McGee,Brett Graham,Daniel Battel,Tommy Reyes-Cruz,Starling Joseph,Andrew Lawrence,Byron Reichstein,42,2,2,6,2,6,4,6,4,6,,,,,,SP,67,21,3
2023-08-18,20230818BARLON1,BAR,LON,R,2023,20230818BARLON1-43,Ryan Rijo,Alex Springer,L,R,,Ryan Rijo advances to 1st (walk),ball,B,,,0,0,1,5,Top,,,,,,,,,,,,,Brad Verhoeven,Kayne McGee,Brett Graham,Daniel Battel,Tommy Reyes-Cruz,Starling Joseph,Andrew Lawrence,Byron Reichstein,43,1,4,6,4,6,4,6,4,6,,,,,,SP,68,22,3
2023-08-18,20230818BARLON1,BAR,LON,R,2023,20230818BARLON1-43,Ryan Rijo,Alex Springer,L,R,,Ryan Rijo advances to 1st (walk),ball,B,,,1,0,1,5,Top,,,,,,,,,,,,,Brad Verhoeven,Kayne McGee,Brett Graham,Daniel Battel,Tommy Reyes-Cruz,Starling Joseph,Andrew Lawrence,Byron Reichstein,43,2,4,6,4,6,4,6,4,6,,,,,,SP,69,22,3
2023-08-18,20230818BARLON1,BAR,LON,R,2023,20230818BARLON1-43,Ryan Rijo,Alex Springer,L,R,,Ryan Rijo advances to 1st (walk),swinging_strike,S,,,2,0,1,5,Top,,,,,,,,,,,,,Brad Verhoeven,Kayne McGee,Brett Graham,Daniel Battel,Tommy Reyes-Cruz,Starling Joseph,Andrew Lawrence,Byron Reichstein,43,3,4,6,4,6,4,6,4,6,,,,,,SP,70,22,3
2023-08-18,20230818BARLON1,BAR,LON,R,2023,20230818BARLON1-43,Ryan Rijo,Alex Springer,L,R,,Ryan Rijo advances to 1st (walk),ball,B,,,2,1,1,5,Top,,,,,,,,,,,,,Brad Verhoeven,Kayne McGee,Brett Graham,Daniel Battel,Tommy Reyes-Cruz,Starling Joseph,Andrew Lawrence,Byron Reichstein,43,4,4,6,4,6,4,6,4,6,,,,,,SP,71,22,3
2023-08-18,20230818BARLON1,BAR,LON,R,2023,20230818BARLON1-43,Ryan Rijo,Alex Springer,L,R,,Ryan Rijo advances to 1st (walk),foul,S,,,3,1,1,5,Top,,,,,,,,,,,,,Brad Verhoeven,Kayne McGee,Brett Graham,Daniel Battel,Tommy Reyes-Cruz,Starling Joseph,Andrew Lawrence,Byron Reichstein,43,5,4,6,4,6,4,6,4,6,,,,,,SP,72,22,3
2023-08-18,20230818BARLON1,BAR,LON,R,2023,20230818BARLON1-43,Ryan Rijo,Alex Springer,L,R,walk,Ryan Rijo advances to 1st (walk),ball,B,,,3,2,1,5,Top,,,,,,,,,,,,,Brad Verhoeven,Kayne McGee,Brett Graham,Daniel Battel,Tommy Reyes-Cruz,Starling Joseph,Andrew Lawrence,Byron Reichstein,43,6,4,6,4,6,4,6,4,6,,,,,,SP,73,22,3
2023-08-18,20230818BARLON1,BAR,LON,R,2023,20230818BARLON1-44,Royce Ando,Alex Springer,R,R,,Royce Ando putout (fly out to left field) for out number 2,ball,B,,,0,0,1,5,Top,,,,,,,,,,,,Ryan Rijo,Brad Verhoeven,Kayne McGee,Brett Graham,Daniel Battel,Tommy Reyes-Cruz,Starling Joseph,Andrew Lawrence,Byron Reichstein,44,1,4,6,4,6,4,6,4,6,,,,,,SP,74,23,3
2023-08-18,20230818BARLON1,BAR,LON,R,2023,20230818BARLON1-44,Royce Ando,Alex Springer,R,R,field_out,Royce Ando putout (fly out to left field) for out number 2,hit_into_play,X,7,fly_ball,1,0,1,5,Top,,,,,,,,,,,,Ryan Rijo,Brad Verhoeven,Kayne McGee,Brett Graham,Daniel Battel,Tommy Reyes-Cruz,Starling Joseph,Andrew Lawrence,Byron Reichstein,44,2,4,6,4,6,4,6,4,6,,,,,,SP,75,23,3
2023-08-18,20230818BARLON1,BAR,LON,R,2023,20230818BARLON1-45,Hayden Jaco,Alex Springer,R,R,,"Hayden Jaco advances to 1st (fielder's choice), Ryan Rijo putout (4-6) for out number 3",swinging_strike,S,,,0,0,2,5,Top,,,,,,,,,,,,Ryan Rijo,Brad Verhoeven,Kayne McGee,Brett Graham,Daniel Battel,Tommy Reyes-Cruz,Starling Joseph,Andrew Lawrence,Byron Reichstein,45,1,4,6,4,6,4,6,4,6,,,,,,SP,76,24,3
2023-08-18,20230818BARLON1,BAR,LON,R,2023,20230818BARLON1-45,Hayden Jaco,Alex Springer,R,R,fielders_choice,"Hayden Jaco advances to 1st (fielder's choice), Ryan Rijo putout (4-6) for out number 3",hit_into_play,X,4,ground_ball,0,1,2,5,Top,,,,,,,,,,,,Ryan Rijo,Brad Verhoeven,Kayne McGee,Brett Graham,Daniel Battel,Tommy Reyes-Cruz,Starling Joseph,Andrew Lawrence,Byron Reichstein,45,2,4,6,4,6,4,6,4,6,,,,,,SP,77,24,3
2023-08-18,20230818BARLON1,BAR,LON,R,2023,20230818BARLON1-46,Cleveland Brownlee,Juan Benitez,R,R,field_out,Cleveland Brownlee putout (6-3) for out number 1,hit_into_play,X,6,ground_ball,0,0,0,5,Bot,,,,,,,,,,,,,Hayden Jaco,Domenico Morea,Royce Ando,Adam Odd,Carson Burns,Starlin Rodriguez,Canice Ejoh,Avery Tuck,46,1,4,6,6,4,4,6,6,4,,,,,,SP,66,22,3
2023-08-18,20230818BARLON1,BAR,LON,R,2023,20230818BARLON1-47,Tommy Reyes-Cruz,Juan Benitez,L,R,,Tommy Reyes-Cruz advances to 1st (walk),foul,S,,,0,0,1,5,Bot,,,,,,,,,,,,,Hayden Jaco,Domenico Morea,Royce Ando,Adam Odd,Carson Burns,Starlin Rodriguez,Canice Ejoh,Avery Tuck,47,1,4,6,6,4,4,6,6,4,,,,,,SP,67,23,3
2023-08-18,20230818BARLON1,BAR,LON,R,2023,20230818BARLON1-47,Tommy Reyes-Cruz,Juan Benitez,L,R,,Tommy Reyes-Cruz advances to 1st (walk),ball,B,,,0,1,1,5,Bot,,,,,,,,,,,,,Hayden Jaco,Domenico Morea,Royce Ando,Adam Odd,Carson Burns,Starlin Rodriguez,Canice Ejoh,Avery Tuck,47,2,4,6,6,4,4,6,6,4,,,,,,SP,68,23,3
2023-08-18,20230818BARLON1,BAR,LON,R,2023,20230818BARLON1-47,Tommy Reyes-Cruz,Juan Benitez,L,R,,Tommy Reyes-Cruz advances to 1st (walk),ball,B,,,1,1,1,5,Bot,,,,,,,,,,,,,Hayden Jaco,Domenico Morea,Royce Ando,Adam Odd,Carson Burns,Starlin Rodriguez,Canice Ejoh,Avery Tuck,47,3,4,6,6,4,4,6,6,4,,,,,,SP,69,23,3
2023-08-18,20230818BARLON1,BAR,LON,R,2023,20230818BARLON1-47,Tommy Reyes-Cruz,Juan Benitez,L,R,,Tommy Reyes-Cruz advances to 1st (walk),ball,B,,,2,1,1,5,Bot,,,,,,,,,,,,,Hayden Jaco,Domenico Morea,Royce Ando,Adam Odd,Carson Burns,Starlin Rodriguez,Canice Ejoh,Avery Tuck,47,4,4,6,6,4,4,6,6,4,,,,,,SP,70,23,3
2023-08-18,20230818BARLON1,BAR,LON,R,2023,20230818BARLON1-47,Tommy Reyes-Cruz,Juan Benitez,L,R,walk,Tommy Reyes-Cruz advances to 1st (walk),ball,B,,,3,1,1,5,Bot,,,,,,,,,,,,,Hayden Jaco,Domenico Morea,Royce Ando,Adam Odd,Carson Burns,Starlin Rodriguez,Canice Ejoh,Avery Tuck,47,5,4,6,6,4,4,6,6,4,,,,,,SP,71,23,3
2023-08-18,20230818BARLON1,BAR,LON,R,2023,20230818BARLON1-48,Kayne McGee,Juan Benitez,L,R,,"Kayne McGee advances to 1st (fielder's choice), Tommy Reyes-Cruz putout (4-6) for out number 2",foul,S,,,0,0,1,5,Bot,,,,,,,,,,,,Tommy Reyes-Cruz,Hayden Jaco,Domenico Morea,Royce Ando,Adam Odd,Carson Burns,Starlin Rodriguez,Canice Ejoh,Avery Tuck,48,1,4,6,6,4,4,6,6,4,,,,,,SP,72,24,3
2023-08-18,20230818BARLON1,BAR,LON,R,2023,20230818BARLON1-48,Kayne McGee,Juan Benitez,L,R,,"Kayne McGee advances to 1st (fielder's choice), Tommy Reyes-Cruz putout (4-6) for out number 2",ball,B,,,0,1,1,5,Bot,,,,,,,,,,,,Tommy Reyes-Cruz,Hayden Jaco,Domenico Morea,Royce Ando,Adam Odd,Carson Burns,Starlin Rodriguez,Canice Ejoh,Avery Tuck,48,2,4,6,6,4,4,6,6,4,,,,,,SP,73,24,3
2023-08-18,20230818BARLON1,BAR,LON,R,2023,20230818BARLON1-48,Kayne McGee,Juan Benitez,L,R,,"Kayne McGee advances to 1st (fielder's choice), Tommy Reyes-Cruz putout (4-6) for out number 2",called_strike,S,,,1,1,1,5,Bot,,,,,,,,,,,,Tommy Reyes-Cruz,Hayden Jaco,Domenico Morea,Royce Ando,Adam Odd,Carson Burns,Starlin Rodriguez,Canice Ejoh,Avery Tuck,48,3,4,6,6,4,4,6,6,4,,,,,,SP,74,24,3
2023-08-18,20230818BARLON1,BAR,LON,R,2023,20230818BARLON1-48,Kayne McGee,Juan Benitez,L,R,fielders_choice,"Kayne McGee advances to 1st (fielder's choice), Tommy Reyes-Cruz putout (4-6) for out number 2",hit_into_play,X,4,ground_ball,1,2,1,5,Bot,,,,,,,,,,,,Tommy Reyes-Cruz,Hayden Jaco,Domenico Morea,Royce Ando,Adam Odd,Carson Burns,Starlin Rodriguez,Canice Ejoh,Avery Tuck,48,4,4,6,6,4,4,6,6,4,,,,,,SP,75,24,3
2023-08-18,20230818BARLON1,BAR,LON,R,2023,20230818BARLON1-49,Brett Graham,Juan Benitez,R,R,fielders_choice,"Brett Graham advances to 1st (fielder's choice), Kayne McGee putout (6-4) for out number 3",hit_into_play,X,6,ground_ball,0,0,2,5,Bot,,,,,,,,,,,,Kayne McGee,Hayden Jaco,Domenico Morea,Royce Ando,Adam Odd,Carson Burns,Starlin Rodriguez,Canice Ejoh,Avery Tuck,49,1,4,6,6,4,4,6,6,4,,,,,,SP,76,25,3
2023-08-18,20230818BARLON1,BAR,LON,R,2023,20230818BARLON1-50,Carson Burns,Braeden Ferrington,L,R,,Carson Burns putout (4-3) for out number 1,ball,B,,,0,0,0,6,Top,,,,,,,,,,,,,Brad Verhoeven,Kayne McGee,Brett Graham,Daniel Battel,Tommy Reyes-Cruz,Starling Joseph,Andrew Lawrence,Byron Reichstein,50,1,4,6,4,6,4,6,4,6,,,,,,RP,1,1,1
2023-08-18,20230818BARLON1,BAR,LON,R,2023,20230818BARLON1-50,Carson Burns,Braeden Ferrington,L,R,,Carson Burns putout (4-3) for out number 1,foul,S,,,1,0,0,6,Top,,,,,,,,,,,,,Brad Verhoeven,Kayne McGee,Brett Graham,Daniel Battel,Tommy Reyes-Cruz,Starling Joseph,Andrew Lawrence,Byron Reichstein,50,2,4,6,4,6,4,6,4,6,,,,,,RP,2,1,1
2023-08-18,20230818BARLON1,BAR,LON,R,2023,20230818BARLON1-50,Carson Burns,Braeden Ferrington,L,R,,Carson Burns putout (4-3) for out number 1,ball,B,,,1,1,0,6,Top,,,,,,,,,,,,,Brad Verhoeven,Kayne McGee,Brett Graham,Daniel Battel,Tommy Reyes-Cruz,Starling Joseph,Andrew Lawrence,Byron Reichstein,50,3,4,6,4,6,4,6,4,6,,,,,,RP,3,1,1
2023-08-18,20230818BARLON1,BAR,LON,R,2023,20230818BARLON1-50,Carson Burns,Braeden Ferrington,L,R,field_out,Carson Burns putout (4-3) for out number 1,hit_into_play,X,4,ground_ball,2,1,0,6,Top,,,,,,,,,,,,,Brad Verhoeven,Kayne McGee,Brett Graham,Daniel Battel,Tommy Reyes-Cruz,Starling Joseph,Andrew Lawrence,Byron Reichstein,50,4,4,6,4,6,4,6,4,6,,,,,,RP,4,1,1
2023-08-18,20230818BARLON1,BAR,LON,R,2023,20230818BARLON1-51,Victor Plaz,Braeden Ferrington,R,R,,Victor Plaz putout (fly out to left field) for out number 2,swinging_strike,S,,,0,0,1,6,Top,,,,,,,,,,,,,Brad Verhoeven,Kayne McGee,Brett Graham,Daniel Battel,Tommy Reyes-Cruz,Starling Joseph,Andrew Lawrence,Byron Reichstein,51,1,4,6,4,6,4,6,4,6,,,,,,RP,5,2,1
2023-08-18,20230818BARLON1,BAR,LON,R,2023,20230818BARLON1-51,Victor Plaz,Braeden Ferrington,R,R,field_out,Victor Plaz putout (fly out to left field) for out number 2,hit_into_play,X,7,fly_ball,0,1,1,6,Top,,,,,,,,,,,,,Brad Verhoeven,Kayne McGee,Brett Graham,Daniel Battel,Tommy Reyes-Cruz,Starling Joseph,Andrew Lawrence,Byron Reichstein,51,2,4,6,4,6,4,6,4,6,,,,,,RP,6,2,1
2023-08-18,20230818BARLON1,BAR,LON,R,2023,20230818BARLON1-52,Avery Tuck,Braeden Ferrington,L,R,,Avery Tuck advances to 2nd (double to right field),swinging_strike,S,,,0,0,2,6,Top,,,,,,,,,,,,,Brad Verhoeven,Kayne McGee,Brett Graham,Daniel Battel,Tommy Reyes-Cruz,Starling Joseph,Andrew Lawrence,Byron Reichstein,52,1,4,6,4,6,4,6,4,6,,,,,,RP,7,3,1
2023-08-18,20230818BARLON1,BAR,LON,R,2023,20230818BARLON1-52,Avery Tuck,Braeden Ferrington,L,R,,Avery Tuck advances to 2nd (double to right field),ball,B,,,0,1,2,6,Top,,,,,,,,,,,,,Brad Verhoeven,Kayne McGee,Brett Graham,Daniel Battel,Tommy Reyes-Cruz,Starling Joseph,Andrew Lawrence,Byron Reichstein,52,2,4,6,4,6,4,6,4,6,,,,,,RP,8,3,1
2023-08-18,20230818BARLON1,BAR,LON,R,2023,20230818BARLON1-52,Avery Tuck,Braeden Ferrington,L,R,,Avery Tuck advances to 2nd (double to right field),ball,B,,,1,1,2,6,Top,,,,,,,,,,,,,Brad Verhoeven,Kayne McGee,Brett Graham,Daniel Battel,Tommy Reyes-Cruz,Starling Joseph,Andrew Lawrence,Byron Reichstein,52,3,4,6,4,6,4,6,4,6,,,,,,RP,9,3,1
2023-08-18,20230818BARLON1,BAR,LON,R,2023,20230818BARLON1-52,Avery Tuck,Braeden Ferrington,L,R,,Avery Tuck advances to 2nd (double to right field),ball,B,,,2,1,2,6,Top,,,,,,,,,,,,,Brad Verhoeven,Kayne McGee,Brett Graham,Daniel Battel,Tommy Reyes-Cruz,Starling Joseph,Andrew Lawrence,Byron Reichstein,52,4,4,6,4,6,4,6,4,6,,,,,,RP,10,3,1
2023-08-18,20230818BARLON1,BAR,LON,R,2023,20230818BARLON1-52,Avery Tuck,Braeden Ferrington,L,R,,Avery Tuck advances to 2nd (double to right field),called_strike,S,,,3,1,2,6,Top,,,,,,,,,,,,,Brad Verhoeven,Kayne McGee,Brett Graham,Daniel Battel,Tommy Reyes-Cruz,Starling Joseph,Andrew Lawrence,Byron Reichstein,52,5,4,6,4,6,4,6,4,6,,,,,,RP,11,3,1
2023-08-18,20230818BARLON1,BAR,LON,R,2023,20230818BARLON1-52,Avery Tuck,Braeden Ferrington,L,R,,Avery Tuck advances to 2nd (double to right field),foul,S,,,3,2,2,6,Top,,,,,,,,,,,,,Brad Verhoeven,Kayne McGee,Brett Graham,Daniel Battel,Tommy Reyes-Cruz,Starling Joseph,Andrew Lawrence,Byron Reichstein,52,6,4,6,4,6,4,6,4,6,,,,,,RP,12,3,1
2023-08-18,20230818BARLON1,BAR,LON,R,2023,20230818BARLON1-52,Avery Tuck,Braeden Ferrington,L,R,,Avery Tuck advances to 2nd (double to right field),foul,S,,,3,2,2,6,Top,,,,,,,,,,,,,Brad Verhoeven,Kayne McGee,Brett Graham,Daniel Battel,Tommy Reyes-Cruz,Starling Joseph,Andrew Lawrence,Byron Reichstein,52,7,4,6,4,6,4,6,4,6,,,,,,RP,13,3,1
2023-08-18,20230818BARLON1,BAR,LON,R,2023,20230818BARLON1-52,Avery Tuck,Braeden Ferrington,L,R,double,Avery Tuck advances to 2nd (double to right field),hit_into_play,X,9,fly_ball,3,2,2,6,Top,,,,,,,,,,,,,Brad Verhoeven,Kayne McGee,Brett Graham,Daniel Battel,Tommy Reyes-Cruz,Starling Joseph,Andrew Lawrence,Byron Reichstein,52,8,4,6,4,6,4,6,4,6,,,,,,RP,14,3,1
2023-08-18,20230818BARLON1,BAR,LON,R,2023,20230818BARLON1-53,Canice Ejoh,Braeden Ferrington,R,R,,Canice Ejoh putout (fly out to left field) for out number 3,ball,B,,,0,0,2,6,Top,,,,,,,,,,,Avery Tuck,,Brad Verhoeven,Kayne McGee,Brett Graham,Daniel Battel,Tommy Reyes-Cruz,Starling Joseph,Andrew Lawrence,Byron Reichstein,53,1,4,6,4,6,4,6,4,6,,,,,,RP,15,4,1
2023-08-18,20230818BARLON1,BAR,LON,R,2023,20230818BARLON1-53,Canice Ejoh,Braeden Ferrington,R,R,,Canice Ejoh putout (fly out to left field) for out number 3,ball,B,,,1,0,2,6,Top,,,,,,,,,,,Avery Tuck,,Brad Verhoeven,Kayne McGee,Brett Graham,Daniel Battel,Tommy Reyes-Cruz,Starling Joseph,Andrew Lawrence,Byron Reichstein,53,2,4,6,4,6,4,6,4,6,,,,,,RP,16,4,1
2023-08-18,20230818BARLON1,BAR,LON,R,2023,20230818BARLON1-53,Canice Ejoh,Braeden Ferrington,R,R,field_out,Canice Ejoh putout (fly out to left field) for out number 3,hit_into_play,X,7,fly_ball,2,0,2,6,Top,,,,,,,,,,,Avery Tuck,,Brad Verhoeven,Kayne McGee,Brett Graham,Daniel Battel,Tommy Reyes-Cruz,Starling Joseph,Andrew Lawrence,Byron Reichstein,53,3,4,6,4,6,4,6,4,6,,,,,,RP,17,4,1
2023-08-18,20230818BARLON1,BAR,LON,R,2023,20230818BARLON1-54,Daniel Battel,Juan Benitez,L,R,,Daniel Battel advances to 1st (walk),called_strike,S,,,0,0,0,6,Bot,,,,,,,,,,,,,Hayden Jaco,Victor Plaz,Royce Ando,Adam Odd,Carson Burns,Starlin Rodriguez,Canice Ejoh,Avery Tuck,54,1,4,6,6,4,4,6,6,4,,,,,,SP,77,26,3
2023-08-18,20230818BARLON1,BAR,LON,R,2023,20230818BARLON1-54,Daniel Battel,Juan Benitez,L,R,,Daniel Battel advances to 1st (walk),foul,S,,,0,1,0,6,Bot,,,,,,,,,,,,,Hayden Jaco,Victor Plaz,Royce Ando,Adam Odd,Carson Burns,Starlin Rodriguez,Canice Ejoh,Avery Tuck,54,2,4,6,6,4,4,6,6,4,,,,,,SP,78,26,3
2023-08-18,20230818BARLON1,BAR,LON,R,2023,20230818BARLON1-54,Daniel Battel,Juan Benitez,L,R,,Daniel Battel advances to 1st (walk),ball,B,,,0,2,0,6,Bot,,,,,,,,,,,,,Hayden Jaco,Victor Plaz,Royce Ando,Adam Odd,Carson Burns,Starlin Rodriguez,Canice Ejoh,Avery Tuck,54,3,4,6,6,4,4,6,6,4,,,,,,SP,79,26,3
2023-08-18,20230818BARLON1,BAR,LON,R,2023,20230818BARLON1-54,Daniel Battel,Juan Benitez,L,R,,Daniel Battel advances to 1st (walk),ball,B,,,1,2,0,6,Bot,,,,,,,,,,,,,Hayden Jaco,Victor Plaz,Royce Ando,Adam Odd,Carson Burns,Starlin Rodriguez,Canice Ejoh,Avery Tuck,54,4,4,6,6,4,4,6,6,4,,,,,,SP,80,26,3
2023-08-18,20230818BARLON1,BAR,LON,R,2023,20230818BARLON1-54,Daniel Battel,Juan Benitez,L,R,,Daniel Battel advances to 1st (walk),foul,S,,,2,2,0,6,Bot,,,,,,,,,,,,,Hayden Jaco,Victor Plaz,Royce Ando,Adam Odd,Carson Burns,Starlin Rodriguez,Canice Ejoh,Avery Tuck,54,5,4,6,6,4,4,6,6,4,,,,,,SP,81,26,3
2023-08-18,20230818BARLON1,BAR,LON,R,2023,20230818BARLON1-54,Daniel Battel,Juan Benitez,L,R,,Daniel Battel advances to 1st (walk),foul,S,,,2,2,0,6,Bot,,,,,,,,,,,,,Hayden Jaco,Victor Plaz,Royce Ando,Adam Odd,Carson Burns,Starlin Rodriguez,Canice Ejoh,Avery Tuck,54,6,4,6,6,4,4,6,6,4,,,,,,SP,82,26,3
2023-08-18,20230818BARLON1,BAR,LON,R,2023,20230818BARLON1-54,Daniel Battel,Juan Benitez,L,R,,Daniel Battel advances to 1st (walk),foul,S,,,2,2,0,6,Bot,,,,,,,,,,,,,Hayden Jaco,Victor Plaz,Royce Ando,Adam Odd,Carson Burns,Starlin Rodriguez,Canice Ejoh,Avery Tuck,54,7,4,6,6,4,4,6,6,4,,,,,,SP,83,26,3
2023-08-18,20230818BARLON1,BAR,LON,R,2023,20230818BARLON1-54,Daniel Battel,Juan Benitez,L,R,,Daniel Battel advances to 1st (walk),ball,B,,,2,2,0,6,Bot,,,,,,,,,,,,,Hayden Jaco,Victor Plaz,Royce Ando,Adam Odd,Carson Burns,Starlin Rodriguez,Canice Ejoh,Avery Tuck,54,8,4,6,6,4,4,6,6,4,,,,,,SP,84,26,3
2023-08-18,20230818BARLON1,BAR,LON,R,2023,20230818BARLON1-54,Daniel Battel,Juan Benitez,L,R,walk,Daniel Battel advances to 1st (walk),ball,B,,,3,2,0,6,Bot,,,,,,,,,,,,,Hayden Jaco,Victor Plaz,Royce Ando,Adam Odd,Carson Burns,Starlin Rodriguez,Canice Ejoh,Avery Tuck,54,9,4,6,6,4,4,6,6,4,,,,,,SP,85,26,3
2023-08-18,20230818BARLON1,BAR,LON,R,2023,20230818BARLON1-55,Brad Verhoeven,Juan Benitez,R,R,field_out,"Daniel Battel advances to 2nd, Brad Verhoeven putout (5-3) for out number 1",hit_into_play,X,5,ground_ball,0,0,0,6,Bot,,,,,,,,,,,,Daniel Battel,Hayden Jaco,Victor Plaz,Royce Ando,Adam Odd,Carson Burns,Starlin Rodriguez,Canice Ejoh,Avery Tuck,55,1,4,6,6,4,4,6,6,4,,,,,,SP,86,27,3
2023-08-18,20230818BARLON1,BAR,LON,R,2023,20230818BARLON1-56,Andrew Lawrence,Juan Benitez,R,R,,Andrew Lawrence putout (strike out swinging) for out number 2,ball,B,,,0,0,1,6,Bot,,,,,,,,,,,Daniel Battel,,Hayden Jaco,Victor Plaz,Royce Ando,Adam Odd,Carson Burns,Starlin Rodriguez,Canice Ejoh,Avery Tuck,56,1,4,6,6,4,4,6,6,4,,,,,,SP,87,28,4
2023-08-18,20230818BARLON1,BAR,LON,R,2023,20230818BARLON1-56,Andrew Lawrence,Juan Benitez,R,R,,Andrew Lawrence putout (strike out swinging) for out number 2,ball,B,,,1,0,1,6,Bot,,,,,,,,,,,Daniel Battel,,Hayden Jaco,Victor Plaz,Royce Ando,Adam Odd,Carson Burns,Starlin Rodriguez,Canice Ejoh,Avery Tuck,56,2,4,6,6,4,4,6,6,4,,,,,,SP,88,28,4
2023-08-18,20230818BARLON1,BAR,LON,R,2023,20230818BARLON1-56,Andrew Lawrence,Juan Benitez,R,R,,Andrew Lawrence putout (strike out swinging) for out number 2,foul,S,,,2,0,1,6,Bot,,,,,,,,,,,Daniel Battel,,Hayden Jaco,Victor Plaz,Royce Ando,Adam Odd,Carson Burns,Starlin Rodriguez,Canice Ejoh,Avery Tuck,56,3,4,6,6,4,4,6,6,4,,,,,,SP,89,28,4
2023-08-18,20230818BARLON1,BAR,LON,R,2023,20230818BARLON1-56,Andrew Lawrence,Juan Benitez,R,R,,Andrew Lawrence putout (strike out swinging) for out number 2,swinging_strike,S,,,2,1,1,6,Bot,,,,,,,,,,,Daniel Battel,,Hayden Jaco,Victor Plaz,Royce Ando,Adam Odd,Carson Burns,Starlin Rodriguez,Canice Ejoh,Avery Tuck,56,4,4,6,6,4,4,6,6,4,,,,,,SP,90,28,4
2023-08-18,20230818BARLON1,BAR,LON,R,2023,20230818BARLON1-56,Andrew Lawrence,Juan Benitez,R,R,strikeout,Andrew Lawrence putout (strike out swinging) for out number 2,swinging_strike,S,2,,2,2,1,6,Bot,,,,,,,,,,,Daniel Battel,,Hayden Jaco,Victor Plaz,Royce Ando,Adam Odd,Carson Burns,Starlin Rodriguez,Canice Ejoh,Avery Tuck,56,5,4,6,6,4,4,6,6,4,,,,,,SP,91,28,4
2023-08-18,20230818BARLON1,BAR,LON,R,2023,20230818BARLON1-57,Byron Reichstein,Juan Benitez,R,R,,Byron Reichstein advances to 1st (walk),foul,S,,,0,0,2,6,Bot,,,,,,,,,,,Daniel Battel,,Hayden Jaco,Victor Plaz,Royce Ando,Adam Odd,Carson Burns,Starlin Rodriguez,Canice Ejoh,Avery Tuck,57,1,4,6,6,4,4,6,6,4,,,,,,SP,92,29,4
2023-08-18,20230818BARLON1,BAR,LON,R,2023,20230818BARLON1-57,Byron Reichstein,Juan Benitez,R,R,,Byron Reichstein advances to 1st (walk),ball,B,,,0,1,2,6,Bot,,,,,,,,,,,Daniel Battel,,Hayden Jaco,Victor Plaz,Royce Ando,Adam Odd,Carson Burns,Starlin Rodriguez,Canice Ejoh,Avery Tuck,57,2,4,6,6,4,4,6,6,4,,,,,,SP,93,29,4
2023-08-18,20230818BARLON1,BAR,LON,R,2023,20230818BARLON1-57,Byron Reichstein,Juan Benitez,R,R,,Byron Reichstein advances to 1st (walk),ball,B,,,1,1,2,6,Bot,,,,,,,,,,,Daniel Battel,,Hayden Jaco,Victor Plaz,Royce Ando,Adam Odd,Carson Burns,Starlin Rodriguez,Canice Ejoh,Avery Tuck,57,3,4,6,6,4,4,6,6,4,,,,,,SP,94,29,4
2023-08-18,20230818BARLON1,BAR,LON,R,2023,20230818BARLON1-57,Byron Reichstein,Juan Benitez,R,R,,Byron Reichstein advances to 1st (walk),ball,B,,,2,1,2,6,Bot,,,,,,,,,,,Daniel Battel,,Hayden Jaco,Victor Plaz,Royce Ando,Adam Odd,Carson Burns,Starlin Rodriguez,Canice Ejoh,Avery Tuck,57,4,4,6,6,4,4,6,6,4,,,,,,SP,95,29,4
2023-08-18,20230818BARLON1,BAR,LON,R,2023,20230818BARLON1-57,Byron Reichstein,Juan Benitez,R,R,walk,Byron Reichstein advances to 1st (walk),ball,B,,,3,1,2,6,Bot,,,,,,,,,,,Daniel Battel,,Hayden Jaco,Victor Plaz,Royce Ando,Adam Odd,Carson Burns,Starlin Rodriguez,Canice Ejoh,Avery Tuck,57,5,4,6,6,4,4,6,6,4,,,,,,SP,96,29,4
2023-08-18,20230818BARLON1,BAR,LON,R,2023,20230818BARLON1-58,Starling Joseph,Juan Benitez,R,R,field_out,Starling Joseph putout (fly out to the second baseman) for out number 3,hit_into_play,X,4,popup,0,0,2,6,Bot,,,,,,,,,,,Daniel Battel,Byron Reichstein,Hayden Jaco,Victor Plaz,Royce Ando,Adam Odd,Carson Burns,Starlin Rodriguez,Canice Ejoh,Avery Tuck,58,1,4,6,6,4,4,6,6,4,,,,,,SP,97,30,4
2023-08-18,20230818BARLON1,BAR,LON,R,2023,20230818BARLON1-59,Adam Odd,Robert Mackie,L,R,,Adam Odd advances to 1st (single to right field),swinging_strike,S,,,0,0,0,7,Top,,,,,,,,,,,,,Brad Verhoeven,Kayne McGee,Brett Graham,Daniel Battel,Tommy Reyes-Cruz,Starling Joseph,Andrew Lawrence,Byron Reichstein,59,1,4,6,4,6,4,6,4,6,,,,,,RP,1,1,1
2023-08-18,20230818BARLON1,BAR,LON,R,2023,20230818BARLON1-59,Adam Odd,Robert Mackie,L,R,,Adam Odd advances to 1st (single to right field),ball,B,,,0,1,0,7,Top,,,,,,,,,,,,,Brad Verhoeven,Kayne McGee,Brett Graham,Daniel Battel,Tommy Reyes-Cruz,Starling Joseph,Andrew Lawrence,Byron Reichstein,59,2,4,6,4,6,4,6,4,6,,,,,,RP,2,1,1
2023-08-18,20230818BARLON1,BAR,LON,R,2023,20230818BARLON1-59,Adam Odd,Robert Mackie,L,R,,Adam Odd advances to 1st (single to right field),called_strike,S,,,1,1,0,7,Top,,,,,,,,,,,,,Brad Verhoeven,Kayne McGee,Brett Graham,Daniel Battel,Tommy Reyes-Cruz,Starling Joseph,Andrew Lawrence,Byron Reichstein,59,3,4,6,4,6,4,6,4,6,,,,,,RP,3,1,1
2023-08-18,20230818BARLON1,BAR,LON,R,2023,20230818BARLON1-59,Adam Odd,Robert Mackie,L,R,single,Adam Odd advances to 1st (single to right field),hit_into_play,X,9,line_drive,1,2,0,7,Top,,,,,,,,,,,,,Brad Verhoeven,Kayne McGee,Brett Graham,Daniel Battel,Tommy Reyes-Cruz,Starling Joseph,Andrew Lawrence,Byron Reichstein,59,4,4,6,4,6,4,6,4,6,,,,,,RP,4,1,1
2023-08-18,20230818BARLON1,BAR,LON,R,2023,20230818BARLON1-60,Starlin Rodriguez,Robert Mackie,R,R,single,"Starlin Rodriguez advances to 1st (single to second base), Adam Odd advances to 2nd",hit_into_play,X,4,ground_ball,0,0,0,7,Top,,,,,,,,,,,,Adam Odd,Brad Verhoeven,Kayne McGee,Brett Graham,Daniel Battel,Tommy Reyes-Cruz,Starling Joseph,Andrew Lawrence,Byron Reichstein,60,1,4,6,4,6,4,6,4,6,,,,,,RP,5,2,1
2023-08-18,20230818BARLON1,BAR,LON,R,2023,20230818BARLON1-61,Ryan Rijo,Robert Mackie,L,R,single,"Ryan Rijo advances to 1st (single to first base), Starlin Rodriguez advances to 3rd, Adam Odd Scores Earned",hit_into_play,X,3,ground_ball,0,0,0,7,Top,,,,,,,,,,,Adam Odd,Starlin Rodriguez,Brad Verhoeven,Kayne McGee,Brett Graham,Daniel Battel,Tommy Reyes-Cruz,Starling Joseph,Andrew Lawrence,Byron Reichstein,61,1,4,6,4,6,5,6,5,6,,,,,,RP,6,3,1
2023-08-18,20230818BARLON1,BAR,LON,R,2023,20230818BARLON1-62,Royce Ando,Robert Mackie,R,R,,"Royce Ando advances to 1st (fielder's choice), Starlin Rodriguez putout (5-2) for out number 1",called_strike,S,,,0,0,0,7,Top,,,,,,,,,,Starlin Rodriguez,,Ryan Rijo,Brad Verhoeven,Kayne McGee,Brett Graham,Daniel Battel,Tommy Reyes-Cruz,Starling Joseph,Andrew Lawrence,Byron Reichstein,62,1,5,6,5,6,5,6,5,6,,,,,,RP,7,4,1
2023-08-18,20230818BARLON1,BAR,LON,R,2023,20230818BARLON1-62,Royce Ando,Robert Mackie,R,R,,"Royce Ando advances to 1st (fielder's choice), Starlin Rodriguez putout (5-2) for out number 1",ball,B,,,0,1,0,7,Top,,,,,,,,,,Starlin Rodriguez,,Ryan Rijo,Brad Verhoeven,Kayne McGee,Brett Graham,Daniel Battel,Tommy Reyes-Cruz,Starling Joseph,Andrew Lawrence,Byron Reichstein,62,2,5,6,5,6,5,6,5,6,,,,,,RP,8,4,1
2023-08-18,20230818BARLON1,BAR,LON,R,2023,20230818BARLON1-62,Royce Ando,Robert Mackie,R,R,,"Royce Ando advances to 1st (fielder's choice), Starlin Rodriguez putout (5-2) for out number 1",swinging_strike,S,,,1,1,0,7,Top,,,,,,,,,,Starlin Rodriguez,,Ryan Rijo,Brad Verhoeven,Kayne McGee,Brett Graham,Daniel Battel,Tommy Reyes-Cruz,Starling Joseph,Andrew Lawrence,Byron Reichstein,62,3,5,6,5,6,5,6,5,6,,,,,,RP,9,4,1
2023-08-18,20230818BARLON1,BAR,LON,R,2023,20230818BARLON1-62,Royce Ando,Robert Mackie,R,R,,"Royce Ando advances to 1st (fielder's choice), Starlin Rodriguez putout (5-2) for out number 1",foul,S,,,1,2,0,7,Top,,,,,,,,,,Starlin Rodriguez,,Ryan Rijo,Brad Verhoeven,Kayne McGee,Brett Graham,Daniel Battel,Tommy Reyes-Cruz,Starling Joseph,Andrew Lawrence,Byron Reichstein,62,4,5,6,5,6,5,6,5,6,,,,,,RP,10,4,1
2023-08-18,20230818BARLON1,BAR,LON,R,2023,20230818BARLON1-62,Royce Ando,Robert Mackie,R,R,,"Royce Ando advances to 1st (fielder's choice), Starlin Rodriguez putout (5-2) for out number 1",ball,B,,,1,2,0,7,Top,,,,,,,,,,Starlin Rodriguez,,Ryan Rijo,Brad Verhoeven,Kayne McGee,Brett Graham,Daniel Battel,Tommy Reyes-Cruz,Starling Joseph,Andrew Lawrence,Byron Reichstein,62,5,5,6,5,6,5,6,5,6,,,,,,RP,11,4,1
2023-08-18,20230818BARLON1,BAR,LON,R,2023,20230818BARLON1-62,Royce Ando,Robert Mackie,R,R,fielders_choice,"Royce Ando advances to 1st (fielder's choice), Starlin Rodriguez putout (5-2) for out number 1",hit_into_play,X,5,ground_ball,2,2,0,7,Top,,,,,,,,,,Starlin Rodriguez,,Ryan Rijo,Brad Verhoeven,Kayne McGee,Brett Graham,Daniel Battel,Tommy Reyes-Cruz,Starling Joseph,Andrew Lawrence,Byron Reichstein,62,6,5,6,5,6,5,6,5,6,,,,,,RP,12,4,1
2023-08-18,20230818BARLON1,BAR,LON,R,2023,20230818BARLON1-63,Hayden Jaco,Robert Mackie,R,R,,"Royce Ando advances to 2nd, Ryan Rijo advances to 3rd, Hayden Jaco putout (4-3) for out number 2",ball,B,,,0,0,1,7,Top,,,,,,,,,,,Ryan Rijo,Royce Ando,Brad Verhoeven,Kayne McGee,Brett Graham,Daniel Battel,Tommy Reyes-Cruz,Starling Joseph,Andrew Lawrence,Byron Reichstein,63,1,5,6,5,6,5,6,5,6,,,,,,RP,13,5,1
2023-08-18,20230818BARLON1,BAR,LON,R,2023,20230818BARLON1-63,Hayden Jaco,Robert Mackie,R,R,,"Royce Ando advances to 2nd, Ryan Rijo advances to 3rd, Hayden Jaco putout (4-3) for out number 2",called_strike,S,,,1,0,1,7,Top,,,,,,,,,,,Ryan Rijo,Royce Ando,Brad Verhoeven,Kayne McGee,Brett Graham,Daniel Battel,Tommy Reyes-Cruz,Starling Joseph,Andrew Lawrence,Byron Reichstein,63,2,5,6,5,6,5,6,5,6,,,,,,RP,14,5,1
2023-08-18,20230818BARLON1,BAR,LON,R,2023,20230818BARLON1-63,Hayden Jaco,Robert Mackie,R,R,,"Royce Ando advances to 2nd, Ryan Rijo advances to 3rd, Hayden Jaco putout (4-3) for out number 2",ball,B,,,1,1,1,7,Top,,,,,,,,,,,Ryan Rijo,Royce Ando,Brad Verhoeven,Kayne McGee,Brett Graham,Daniel Battel,Tommy Reyes-Cruz,Starling Joseph,Andrew Lawrence,Byron Reichstein,63,3,5,6,5,6,5,6,5,6,,,,,,RP,15,5,1
2023-08-18,20230818BARLON1,BAR,LON,R,2023,20230818BARLON1-63,Hayden Jaco,Robert Mackie,R,R,,"Royce Ando advances to 2nd, Ryan Rijo advances to 3rd, Hayden Jaco putout (4-3) for out number 2",foul,S,,,2,1,1,7,Top,,,,,,,,,,,Ryan Rijo,Royce Ando,Brad Verhoeven,Kayne McGee,Brett Graham,Daniel Battel,Tommy Reyes-Cruz,Starling Joseph,Andrew Lawrence,Byron Reichstein,63,4,5,6,5,6,5,6,5,6,,,,,,RP,16,5,1
2023-08-18,20230818BARLON1,BAR,LON,R,2023,20230818BARLON1-63,Hayden Jaco,Robert Mackie,R,R,field_out,"Royce Ando advances to 2nd, Ryan Rijo advances to 3rd, Hayden Jaco putout (4-3) for out number 2",hit_into_play,X,4,ground_ball,2,2,1,7,Top,,,,,,,,,,,Ryan Rijo,Royce Ando,Brad Verhoeven,Kayne McGee,Brett Graham,Daniel Battel,Tommy Reyes-Cruz,Starling Joseph,Andrew Lawrence,Byron Reichstein,63,5,5,6,5,6,5,6,5,6,,,,,,RP,17,5,1
2023-08-18,20230818BARLON1,BAR,LON,R,2023,20230818BARLON1-64,Carson Burns,Jaryd Lund,L,L,,Carson Burns putout (strike out swinging) for out number 3,ball,B,,,0,0,2,7,Top,,,,,,,,,,Ryan Rijo,Royce Ando,,Brad Verhoeven,Kayne McGee,Brett Graham,Daniel Battel,Tommy Reyes-Cruz,Starling Joseph,Andrew Lawrence,Byron Reichstein,64,1,5,6,5,6,5,6,5,6,,,,,,RP,1,1,1
2023-08-18,20230818BARLON1,BAR,LON,R,2023,20230818BARLON1-64,Carson Burns,Jaryd Lund,L,L,,Carson Burns putout (strike out swinging) for out number 3,ball,B,,,1,0,2,7,Top,,,,,,,,,,Ryan Rijo,Royce Ando,,Brad Verhoeven,Kayne McGee,Brett Graham,Daniel Battel,Tommy Reyes-Cruz,Starling Joseph,Andrew Lawrence,Byron Reichstein,64,2,5,6,5,6,5,6,5,6,,,,,,RP,2,1,1
2023-08-18,20230818BARLON1,BAR,LON,R,2023,20230818BARLON1-64,Carson Burns,Jaryd Lund,L,L,,Carson Burns putout (strike out swinging) for out number 3,called_strike,S,,,2,0,2,7,Top,,,,,,,,,,Ryan Rijo,Royce Ando,,Brad Verhoeven,Kayne McGee,Brett Graham,Daniel Battel,Tommy Reyes-Cruz,Starling Joseph,Andrew Lawrence,Byron Reichstein,64,3,5,6,5,6,5,6,5,6,,,,,,RP,3,1,1
2023-08-18,20230818BARLON1,BAR,LON,R,2023,20230818BARLON1-64,Carson Burns,Jaryd Lund,L,L,,Carson Burns putout (strike out swinging) for out number 3,called_strike,S,,,2,1,2,7,Top,,,,,,,,,,Ryan Rijo,Royce Ando,,Brad Verhoeven,Kayne McGee,Brett Graham,Daniel Battel,Tommy Reyes-Cruz,Starling Joseph,Andrew Lawrence,Byron Reichstein,64,4,5,6,5,6,5,6,5,6,,,,,,RP,4,1,1
2023-08-18,20230818BARLON1,BAR,LON,R,2023,20230818BARLON1-64,Carson Burns,Jaryd Lund,L,L,strikeout,Carson Burns putout (strike out swinging) for out number 3,swinging_strike,S,2,,2,2,2,7,Top,,,,,,,,,,Ryan Rijo,Royce Ando,,Brad Verhoeven,Kayne McGee,Brett Graham,Daniel Battel,Tommy Reyes-Cruz,Starling Joseph,Andrew Lawrence,Byron Reichstein,64,5,5,6,5,6,5,6,5,6,,,,,,RP,5,1,1
2023-08-18,20230818BARLON1,BAR,LON,R,2023,20230818BARLON1-65,Cleveland Brownlee,Brad Grieveson,R,R,field_out,Cleveland Brownlee putout (fly out to the second baseman) for out number 1,hit_into_play,X,4,popup,0,0,0,7,Bot,,,,,,,,,,,,,James Anderson,Hayden Jaco,Royce Ando,Adam Odd,Carson Burns,Starlin Rodriguez,Canice Ejoh,Avery Tuck,65,1,5,6,6,5,5,6,6,5,,,,,,RP,1,1,1
2023-08-18,20230818BARLON1,BAR,LON,R,2023,20230818BARLON1-66,Tommy Reyes-Cruz,Brad Grieveson,L,R,,Tommy Reyes-Cruz putout (fly out to center field) for out number 2,called_strike,S,,,0,0,1,7,Bot,,,,,,,,,,,,,James Anderson,Hayden Jaco,Royce Ando,Adam Odd,Carson Burns,Starlin Rodriguez,Canice Ejoh,Avery Tuck,66,1,5,6,6,5,5,6,6,5,,,,,,RP,2,2,1
2023-08-18,20230818BARLON1,BAR,LON,R,2023,20230818BARLON1-66,Tommy Reyes-Cruz,Brad Grieveson,L,R,,Tommy Reyes-Cruz putout (fly out to center field) for out number 2,ball,B,,,0,1,1,7,Bot,,,,,,,,,,,,,James Anderson,Hayden Jaco,Royce Ando,Adam Odd,Carson Burns,Starlin Rodriguez,Canice Ejoh,Avery Tuck,66,2,5,6,6,5,5,6,6,5,,,,,,RP,3,2,1
2023-08-18,20230818BARLON1,BAR,LON,R,2023,20230818BARLON1-66,Tommy Reyes-Cruz,Brad Grieveson,L,R,,Tommy Reyes-Cruz putout (fly out to center field) for out number 2,foul,S,,,1,1,1,7,Bot,,,,,,,,,,,,,James Anderson,Hayden Jaco,Royce Ando,Adam Odd,Carson Burns,Starlin Rodriguez,Canice Ejoh,Avery Tuck,66,3,5,6,6,5,5,6,6,5,,,,,,RP,4,2,1
2023-08-18,20230818BARLON1,BAR,LON,R,2023,20230818BARLON1-66,Tommy Reyes-Cruz,Brad Grieveson,L,R,,Tommy Reyes-Cruz putout (fly out to center field) for out number 2,ball,B,,,1,2,1,7,Bot,,,,,,,,,,,,,James Anderson,Hayden Jaco,Royce Ando,Adam Odd,Carson Burns,Starlin Rodriguez,Canice Ejoh,Avery Tuck,66,4,5,6,6,5,5,6,6,5,,,,,,RP,5,2,1
2023-08-18,20230818BARLON1,BAR,LON,R,2023,20230818BARLON1-66,Tommy Reyes-Cruz,Brad Grieveson,L,R,field_out,Tommy Reyes-Cruz putout (fly out to center field) for out number 2,hit_into_play,X,8,fly_ball,2,2,1,7,Bot,,,,,,,,,,,,,James Anderson,Hayden Jaco,Royce Ando,Adam Odd,Carson Burns,Starlin Rodriguez,Canice Ejoh,Avery Tuck,66,5,5,6,6,5,5,6,6,5,,,,,,RP,6,2,1
2023-08-18,20230818BARLON1,BAR,LON,R,2023,20230818BARLON1-67,Kayne McGee,Brad Grieveson,L,R,,Kayne McGee putout (1-4-3) for out number 3,foul,S,,,0,0,2,7,Bot,,,,,,,,,,,,,James Anderson,Hayden Jaco,Royce Ando,Adam Odd,Carson Burns,Starlin Rodriguez,Canice Ejoh,Avery Tuck,67,1,5,6,6,5,5,6,6,5,,,,,,RP,7,3,1
2023-08-18,20230818BARLON1,BAR,LON,R,2023,20230818BARLON1-67,Kayne McGee,Brad Grieveson,L,R,,Kayne McGee putout (1-4-3) for out number 3,ball,B,,,0,1,2,7,Bot,,,,,,,,,,,,,James Anderson,Hayden Jaco,Royce Ando,Adam Odd,Carson Burns,Starlin Rodriguez,Canice Ejoh,Avery Tuck,67,2,5,6,6,5,5,6,6,5,,,,,,RP,8,3,1
2023-08-18,20230818BARLON1,BAR,LON,R,2023,20230818BARLON1-67,Kayne McGee,Brad Grieveson,L,R,field_out,Kayne McGee putout (1-4-3) for out number 3,hit_into_play,X,1,ground_ball,1,1,2,7,Bot,,,,,,,,,,,,,James Anderson,Hayden Jaco,Royce Ando,Adam Odd,Carson Burns,Starlin Rodriguez,Canice Ejoh,Avery Tuck,67,3,5,6,6,5,5,6,6,5,,,,,,RP,9,3,1
2023-08-18,20230818BARLON1,BAR,LON,R,2023,20230818BARLON1-68,James Anderson,Jaryd Lund,R,L,,James Anderson putout (strike out swinging) for out number 1,ball,B,,,0,0,0,8,Top,,,,,,,,,,,,,Brad Verhoeven,Kayne McGee,Brett Graham,Daniel Battel,Tommy Reyes-Cruz,Starling Joseph,Andrew Lawrence,Byron Reichstein,68,1,5,6,5,6,5,6,5,6,,,,,,RP,6,2,1
2023-08-18,20230818BARLON1,BAR,LON,R,2023,20230818BARLON1-68,James Anderson,Jaryd Lund,R,L,,James Anderson putout (strike out swinging) for out number 1,called_strike,S,,,1,0,0,8,Top,,,,,,,,,,,,,Brad Verhoeven,Kayne McGee,Brett Graham,Daniel Battel,Tommy Reyes-Cruz,Starling Joseph,Andrew Lawrence,Byron Reichstein,68,2,5,6,5,6,5,6,5,6,,,,,,RP,7,2,1
2023-08-18,20230818BARLON1,BAR,LON,R,2023,20230818BARLON1-68,James Anderson,Jaryd Lund,R,L,,James Anderson putout (strike out swinging) for out number 1,called_strike,S,,,1,1,0,8,Top,,,,,,,,,,,,,Brad Verhoeven,Kayne McGee,Brett Graham,Daniel Battel,Tommy Reyes-Cruz,Starling Joseph,Andrew Lawrence,Byron Reichstein,68,3,5,6,5,6,5,6,5,6,,,,,,RP,8,2,1
2023-08-18,20230818BARLON1,BAR,LON,R,2023,20230818BARLON1-68,James Anderson,Jaryd Lund,R,L,strikeout,James Anderson putout (strike out swinging) for out number 1,swinging_strike,S,2,,1,2,0,8,Top,,,,,,,,,,,,,Brad Verhoeven,Kayne McGee,Brett Graham,Daniel Battel,Tommy Reyes-Cruz,Starling Joseph,Andrew Lawrence,Byron Reichstein,68,4,5,6,5,6,5,6,5,6,,,,,,RP,9,2,1
2023-08-18,20230818BARLON1,BAR,LON,R,2023,20230818BARLON1-69,Avery Tuck,Jaryd Lund,L,L,,Avery Tuck putout (4-3) for out number 2,foul,S,,,0,0,1,8,Top,,,,,,,,,,,,,Brad Verhoeven,Kayne McGee,Brett Graham,Daniel Battel,Tommy Reyes-Cruz,Starling Joseph,Andrew Lawrence,Byron Reichstein,69,1,5,6,5,6,5,6,5,6,,,,,,RP,10,3,1
2023-08-18,20230818BARLON1,BAR,LON,R,2023,20230818BARLON1-69,Avery Tuck,Jaryd Lund,L,L,,Avery Tuck putout (4-3) for out number 2,called_strike,S,,,0,1,1,8,Top,,,,,,,,,,,,,Brad Verhoeven,Kayne McGee,Brett Graham,Daniel Battel,Tommy Reyes-Cruz,Starling Joseph,Andrew Lawrence,Byron Reichstein,69,2,5,6,5,6,5,6,5,6,,,,,,RP,11,3,1
2023-08-18,20230818BARLON1,BAR,LON,R,2023,20230818BARLON1-69,Avery Tuck,Jaryd Lund,L,L,field_out,Avery Tuck putout (4-3) for out number 2,hit_into_play,X,4,ground_ball,0,2,1,8,Top,,,,,,,,,,,,,Brad Verhoeven,Kayne McGee,Brett Graham,Daniel Battel,Tommy Reyes-Cruz,Starling Joseph,Andrew Lawrence,Byron Reichstein,69,3,5,6,5,6,5,6,5,6,,,,,,RP,12,3,1
2023-08-18,20230818BARLON1,BAR,LON,R,2023,20230818BARLON1-70,Canice Ejoh,Jaryd Lund,R,L,,Canice Ejoh putout (strike out swinging) for out number 3,ball,B,,,0,0,2,8,Top,,,,,,,,,,,,,Brad Verhoeven,Kayne McGee,Brett Graham,Daniel Battel,Tommy Reyes-Cruz,Starling Joseph,Andrew Lawrence,Byron Reichstein,70,1,5,6,5,6,5,6,5,6,,,,,,RP,13,4,1
2023-08-18,20230818BARLON1,BAR,LON,R,2023,20230818BARLON1-70,Canice Ejoh,Jaryd Lund,R,L,,Canice Ejoh putout (strike out swinging) for out number 3,called_strike,S,,,1,0,2,8,Top,,,,,,,,,,,,,Brad Verhoeven,Kayne McGee,Brett Graham,Daniel Battel,Tommy Reyes-Cruz,Starling Joseph,Andrew Lawrence,Byron Reichstein,70,2,5,6,5,6,5,6,5,6,,,,,,RP,14,4,1
2023-08-18,20230818BARLON1,BAR,LON,R,2023,20230818BARLON1-70,Canice Ejoh,Jaryd Lund,R,L,,Canice Ejoh putout (strike out swinging) for out number 3,ball,B,,,1,1,2,8,Top,,,,,,,,,,,,,Brad Verhoeven,Kayne McGee,Brett Graham,Daniel Battel,Tommy Reyes-Cruz,Starling Joseph,Andrew Lawrence,Byron Reichstein,70,3,5,6,5,6,5,6,5,6,,,,,,RP,15,4,1
2023-08-18,20230818BARLON1,BAR,LON,R,2023,20230818BARLON1-70,Canice Ejoh,Jaryd Lund,R,L,,Canice Ejoh putout (strike out swinging) for out number 3,called_strike,S,,,2,1,2,8,Top,,,,,,,,,,,,,Brad Verhoeven,Kayne McGee,Brett Graham,Daniel Battel,Tommy Reyes-Cruz,Starling Joseph,Andrew Lawrence,Byron Reichstein,70,4,5,6,5,6,5,6,5,6,,,,,,RP,16,4,1
2023-08-18,20230818BARLON1,BAR,LON,R,2023,20230818BARLON1-70,Canice Ejoh,Jaryd Lund,R,L,strikeout,Canice Ejoh putout (strike out swinging) for out number 3,swinging_strike,S,2,,2,2,2,8,Top,,,,,,,,,,,,,Brad Verhoeven,Kayne McGee,Brett Graham,Daniel Battel,Tommy Reyes-Cruz,Starling Joseph,Andrew Lawrence,Byron Reichstein,70,5,5,6,5,6,5,6,5,6,,,,,,RP,17,4,1
2023-08-18,20230818BARLON1,BAR,LON,R,2023,20230818BARLON1-71,Brett Graham,Brad Grieveson,R,R,field_out,Brett Graham putout (2-3) for out number 1,hit_into_play,X,2,ground_ball,0,0,0,8,Bot,,,,,,,,,,,,,James Anderson,Hayden Jaco,Royce Ando,Adam Odd,Carson Burns,Starlin Rodriguez,Canice Ejoh,Avery Tuck,71,1,5,6,6,5,5,6,6,5,,,,,,RP,10,4,1
2023-08-18,20230818BARLON1,BAR,LON,R,2023,20230818BARLON1-72,Daniel Battel,Brad Grieveson,L,R,,Daniel Battel putout (1-3) for out number 2,ball,B,,,0,0,1,8,Bot,,,,,,,,,,,,,James Anderson,Hayden Jaco,Royce Ando,Adam Odd,Carson Burns,Starlin Rodriguez,Canice Ejoh,Avery Tuck,72,1,5,6,6,5,5,6,6,5,,,,,,RP,11,5,1
2023-08-18,20230818BARLON1,BAR,LON,R,2023,20230818BARLON1-72,Daniel Battel,Brad Grieveson,L,R,,Daniel Battel putout (1-3) for out number 2,ball,B,,,1,0,1,8,Bot,,,,,,,,,,,,,James Anderson,Hayden Jaco,Royce Ando,Adam Odd,Carson Burns,Starlin Rodriguez,Canice Ejoh,Avery Tuck,72,2,5,6,6,5,5,6,6,5,,,,,,RP,12,5,1
2023-08-18,20230818BARLON1,BAR,LON,R,2023,20230818BARLON1-72,Daniel Battel,Brad Grieveson,L,R,,Daniel Battel putout (1-3) for out number 2,foul,S,,,2,0,1,8,Bot,,,,,,,,,,,,,James Anderson,Hayden Jaco,Royce Ando,Adam Odd,Carson Burns,Starlin Rodriguez,Canice Ejoh,Avery Tuck,72,3,5,6,6,5,5,6,6,5,,,,,,RP,13,5,1
2023-08-18,20230818BARLON1,BAR,LON,R,2023,20230818BARLON1-72,Daniel Battel,Brad Grieveson,L,R,field_out,Daniel Battel putout (1-3) for out number 2,hit_into_play,X,1,ground_ball,2,1,1,8,Bot,,,,,,,,,,,,,James Anderson,Hayden Jaco,Royce Ando,Adam Odd,Carson Burns,Starlin Rodriguez,Canice Ejoh,Avery Tuck,72,4,5,6,6,5,5,6,6,5,,,,,,RP,14,5,1
2023-08-18,20230818BARLON1,BAR,LON,R,2023,20230818BARLON1-73,Brad Verhoeven,Brad Grieveson,R,R,single,Brad Verhoeven advances to 1st (single to right field),hit_into_play,X,9,line_drive,0,0,2,8,Bot,,,,,,,,,,,,,James Anderson,Hayden Jaco,Royce Ando,Adam Odd,Carson Burns,Starlin Rodriguez,Canice Ejoh,Avery Tuck,73,1,5,6,6,5,5,6,6,5,,,,,,RP,15,6,1
2023-08-18,20230818BARLON1,BAR,LON,R,2023,20230818BARLON1-74,Andrew Lawrence,Brad Grieveson,R,R,,Andrew Lawrence putout (strike out swinging) for out number 3,called_strike,S,,,0,0,2,8,Bot,,,,,,,,,,,,Brad Verhoeven,James Anderson,Hayden Jaco,Royce Ando,Adam Odd,Carson Burns,Starlin Rodriguez,Canice Ejoh,Avery Tuck,74,1,5,6,6,5,5,6,6,5,,,,,,RP,16,7,1
2023-08-18,20230818BARLON1,BAR,LON,R,2023,20230818BARLON1-74,Andrew Lawrence,Brad Grieveson,R,R,,Andrew Lawrence putout (strike out swinging) for out number 3,foul,S,,,0,1,2,8,Bot,,,,,,,,,,,,Brad Verhoeven,James Anderson,Hayden Jaco,Royce Ando,Adam Odd,Carson Burns,Starlin Rodriguez,Canice Ejoh,Avery Tuck,74,2,5,6,6,5,5,6,6,5,,,,,,RP,17,7,1
2023-08-18,20230818BARLON1,BAR,LON,R,2023,20230818BARLON1-74,Andrew Lawrence,Brad Grieveson,R,R,strikeout,Andrew Lawrence putout (strike out swinging) for out number 3,swinging_strike,S,2,,0,2,2,8,Bot,,,,,,,,,,,,Brad Verhoeven,James Anderson,Hayden Jaco,Royce Ando,Adam Odd,Carson Burns,Starlin Rodriguez,Canice Ejoh,Avery Tuck,74,3,5,6,6,5,5,6,6,5,,,,,,RP,18,7,1
2023-08-18,20230818BARLON1,BAR,LON,R,2023,20230818BARLON1-75,Adam Odd,Jaryd Lund,L,L,,"Adam Odd advances to 1st (single to center field), Adam Odd advances to 2nd (balk)",ball,B,,,0,0,0,9,Top,,,,,,,,,,,,,Brad Verhoeven,Kayne McGee,Brett Graham,Daniel Battel,Tommy Reyes-Cruz,Starling Joseph,Andrew Lawrence,Byron Reichstein,75,1,5,6,5,6,5,6,5,6,,,,,,RP,18,5,1
2023-08-18,20230818BARLON1,BAR,LON,R,2023,20230818BARLON1-75,Adam Odd,Jaryd Lund,L,L,single,"Adam Odd advances to 1st (single to center field), Adam Odd advances to 2nd (balk)",hit_into_play,X,8,line_drive,1,0,0,9,Top,,,,,,,,,,,,,Brad Verhoeven,Kayne McGee,Brett Graham,Daniel Battel,Tommy Reyes-Cruz,Starling Joseph,Andrew Lawrence,Byron Reichstein,75,2,5,6,5,6,5,6,5,6,,,,,,RP,19,5,1
2023-08-18,20230818BARLON1,BAR,LON,R,2023,20230818BARLON1-76,Starlin Rodriguez,Jaryd Lund,R,L,,"Adam Odd advances to 3rd (wild pitch), Starlin Rodriguez advances to 1st (walk)",foul,S,,,0,0,0,9,Top,,,,,,,,,,,Adam Odd,,Brad Verhoeven,Kayne McGee,Brett Graham,Daniel Battel,Tommy Reyes-Cruz,Starling Joseph,Andrew Lawrence,Byron Reichstein,76,1,5,6,5,6,5,6,5,6,,,,,,RP,20,6,1
2023-08-18,20230818BARLON1,BAR,LON,R,2023,20230818BARLON1-76,Starlin Rodriguez,Jaryd Lund,R,L,,"Adam Odd advances to 3rd (wild pitch), Starlin Rodriguez advances to 1st (walk)",ball,B,,,0,1,0,9,Top,,,,,,,,,,,Adam Odd,,Brad Verhoeven,Kayne McGee,Brett Graham,Daniel Battel,Tommy Reyes-Cruz,Starling Joseph,Andrew Lawrence,Byron Reichstein,76,2,5,6,5,6,5,6,5,6,,,,,,RP,21,6,1
2023-08-18,20230818BARLON1,BAR,LON,R,2023,20230818BARLON1-76,Starlin Rodriguez,Jaryd Lund,R,L,,"Adam Odd advances to 3rd (wild pitch), Starlin Rodriguez advances to 1st (walk)",ball,B,,,1,1,0,9,Top,,,,,,,,,,,Adam Odd,,Brad Verhoeven,Kayne McGee,Brett Graham,Daniel Battel,Tommy Reyes-Cruz,Starling Joseph,Andrew Lawrence,Byron Reichstein,76,3,5,6,5,6,5,6,5,6,,,,,,RP,22,6,1
2023-08-18,20230818BARLON1,BAR,LON,R,2023,20230818BARLON1-76,Starlin Rodriguez,Jaryd Lund,R,L,,"Adam Odd advances to 3rd (wild pitch), Starlin Rodriguez advances to 1st (walk)",foul,S,,,2,1,0,9,Top,,,,,,,,,,,Adam Odd,,Brad Verhoeven,Kayne McGee,Brett Graham,Daniel Battel,Tommy Reyes-Cruz,Starling Joseph,Andrew Lawrence,Byron Reichstein,76,4,5,6,5,6,5,6,5,6,,,,,,RP,23,6,1
2023-08-18,20230818BARLON1,BAR,LON,R,2023,20230818BARLON1-76,Starlin Rodriguez,Jaryd Lund,R,L,,"Adam Odd advances to 3rd (wild pitch), Starlin Rodriguez advances to 1st (walk)",ball,B,,,2,2,0,9,Top,,,,,,,,,,,Adam Odd,,Brad Verhoeven,Kayne McGee,Brett Graham,Daniel Battel,Tommy Reyes-Cruz,Starling Joseph,Andrew Lawrence,Byron Reichstein,76,5,5,6,5,6,5,6,5,6,,,,,,RP,24,6,1
2023-08-18,20230818BARLON1,BAR,LON,R,2023,20230818BARLON1-76,Starlin Rodriguez,Jaryd Lund,R,L,walk,"Adam Odd advances to 3rd (wild pitch), Starlin Rodriguez advances to 1st (walk)",ball,B,,,3,2,0,9,Top,,,,,,,,,,,Adam Odd,,Brad Verhoeven,Kayne McGee,Brett Graham,Daniel Battel,Tommy Reyes-Cruz,Starling Joseph,Andrew Lawrence,Byron Reichstein,76,6,5,6,5,6,5,6,5,6,,,,,,RP,25,6,1
2023-08-18,20230818BARLON1,BAR,LON,R,2023,20230818BARLON1-77,Ryan Rijo,Jaryd Lund,L,L,stolen_base_2b,"Starlin Rodriguez advances to 2nd (stolen base), Ryan Rijo advances to 1st (intentional walk)",swinging_strike,S,,,0,0,0,9,Top,,,,,,,,,,Adam Odd,,Starlin Rodriguez,Brad Verhoeven,Kayne McGee,Brett Graham,Daniel Battel,Tommy Reyes-Cruz,Starling Joseph,Andrew Lawrence,Byron Reichstein,77,1,5,6,5,6,5,6,5,6,,,,,,RP,26,7,1
2023-08-18,20230818BARLON1,BAR,LON,R,2023,20230818BARLON1-77,Ryan Rijo,Jaryd Lund,L,L,walk,"Starlin Rodriguez advances to 2nd (stolen base), Ryan Rijo advances to 1st (intentional walk)",intentional_walk,,,,0,1,0,9,Top,,,,,,,,,,Adam Odd,Starlin Rodriguez,,Brad Verhoeven,Kayne McGee,Brett Graham,Daniel Battel,Tommy Reyes-Cruz,Starling Joseph,Andrew Lawrence,Byron Reichstein,77,,5,6,5,6,5,6,5,6,,,,,,RP,,7,1
2023-08-18,20230818BARLON1,BAR,LON,R,2023,20230818BARLON1-78,Royce Ando,Jaryd Lund,R,L,,"Ryan Rijo advances to 2nd, Starlin Rodriguez advances to 3rd, Adam Odd putout (1-2) for out number 1, Royce Ando putout (1-2-2-3 DP) for out number 2",ball,B,,,0,0,0,9,Top,,,,,,,,,,Adam Odd,Starlin Rodriguez,Ryan Rijo,Brad Verhoeven,Kayne McGee,Brett Graham,Daniel Battel,Tommy Reyes-Cruz,Starling Joseph,Andrew Lawrence,Byron Reichstein,78,1,5,6,5,6,5,6,5,6,,,,,,RP,27,8,1
2023-08-18,20230818BARLON1,BAR,LON,R,2023,20230818BARLON1-78,Royce Ando,Jaryd Lund,R,L,,"Ryan Rijo advances to 2nd, Starlin Rodriguez advances to 3rd, Adam Odd putout (1-2) for out number 1, Royce Ando putout (1-2-2-3 DP) for out number 2",foul,S,,,1,0,0,9,Top,,,,,,,,,,Adam Odd,Starlin Rodriguez,Ryan Rijo,Brad Verhoeven,Kayne McGee,Brett Graham,Daniel Battel,Tommy Reyes-Cruz,Starling Joseph,Andrew Lawrence,Byron Reichstein,78,2,5,6,5,6,5,6,5,6,,,,,,RP,28,8,1
2023-08-18,20230818BARLON1,BAR,LON,R,2023,20230818BARLON1-78,Royce Ando,Jaryd Lund,R,L,,"Ryan Rijo advances to 2nd, Starlin Rodriguez advances to 3rd, Adam Odd putout (1-2) for out number 1, Royce Ando putout (1-2-2-3 DP) for out number 2",ball,B,,,1,1,0,9,Top,,,,,,,,,,Adam Odd,Starlin Rodriguez,Ryan Rijo,Brad Verhoeven,Kayne McGee,Brett Graham,Daniel Battel,Tommy Reyes-Cruz,Starling Joseph,Andrew Lawrence,Byron Reichstein,78,3,5,6,5,6,5,6,5,6,,,,,,RP,29,8,1
2023-08-18,20230818BARLON1,BAR,LON,R,2023,20230818BARLON1-78,Royce Ando,Jaryd Lund,R,L,,"Ryan Rijo advances to 2nd, Starlin Rodriguez advances to 3rd, Adam Odd putout (1-2) for out number 1, Royce Ando putout (1-2-2-3 DP) for out number 2",called_strike,S,,,2,1,0,9,Top,,,,,,,,,,Adam Odd,Starlin Rodriguez,Ryan Rijo,Brad Verhoeven,Kayne McGee,Brett Graham,Daniel Battel,Tommy Reyes-Cruz,Starling Joseph,Andrew Lawrence,Byron Reichstein,78,4,5,6,5,6,5,6,5,6,,,,,,RP,30,8,1
2023-08-18,20230818BARLON1,BAR,LON,R,2023,20230818BARLON1-78,Royce Ando,Jaryd Lund,R,L,grounded_into_double_play,"Ryan Rijo advances to 2nd, Starlin Rodriguez advances to 3rd, Adam Odd putout (1-2) for out number 1, Royce Ando putout (1-2-2-3 DP) for out number 2",hit_into_play,X,1,ground_ball,2,2,0,9,Top,,,,,,,,,,Adam Odd,Starlin Rodriguez,Ryan Rijo,Brad Verhoeven,Kayne McGee,Brett Graham,Daniel Battel,Tommy Reyes-Cruz,Starling Joseph,Andrew Lawrence,Byron Reichstein,78,5,5,6,5,6,5,6,5,6,,,,,,RP,31,8,1
2023-08-18,20230818BARLON1,BAR,LON,R,2023,20230818BARLON1-79,Hayden Jaco,Jaryd Lund,R,L,walk,Hayden Jaco advances to 1st (intentional walk),intentional_walk,,,,0,0,2,9,Top,,,,,,,,,,Starlin Rodriguez,Ryan Rijo,,Brad Verhoeven,Noah Williams,Brett Graham,Daniel Battel,Tommy Reyes-Cruz,Starling Joseph,Andrew Lawrence,Byron Reichstein,79,,5,6,5,6,5,6,5,6,,,,,,RP,,9,1
2023-08-18,20230818BARLON1,BAR,LON,R,2023,20230818BARLON1-80,Carson Burns,Jaryd Lund,L,L,,Carson Burns putout (strike out swinging) for out number 3,foul,S,,,0,0,2,9,Top,,,,,,,,,,Starlin Rodriguez,Ryan Rijo,Hayden Jaco,Brad Verhoeven,Noah Williams,Brett Graham,Daniel Battel,Tommy Reyes-Cruz,Starling Joseph,Andrew Lawrence,Byron Reichstein,80,1,5,6,5,6,5,6,5,6,,,,,,RP,32,10,2
2023-08-18,20230818BARLON1,BAR,LON,R,2023,20230818BARLON1-80,Carson Burns,Jaryd Lund,L,L,,Carson Burns putout (strike out swinging) for out number 3,ball,B,,,0,1,2,9,Top,,,,,,,,,,Starlin Rodriguez,Ryan Rijo,Hayden Jaco,Brad Verhoeven,Noah Williams,Brett Graham,Daniel Battel,Tommy Reyes-Cruz,Starling Joseph,Andrew Lawrence,Byron Reichstein,80,2,5,6,5,6,5,6,5,6,,,,,,RP,33,10,2
2023-08-18,20230818BARLON1,BAR,LON,R,2023,20230818BARLON1-80,Carson Burns,Jaryd Lund,L,L,,Carson Burns putout (strike out swinging) for out number 3,ball,B,,,1,1,2,9,Top,,,,,,,,,,Starlin Rodriguez,Ryan Rijo,Hayden Jaco,Brad Verhoeven,Noah Williams,Brett Graham,Daniel Battel,Tommy Reyes-Cruz,Starling Joseph,Andrew Lawrence,Byron Reichstein,80,3,5,6,5,6,5,6,5,6,,,,,,RP,34,10,2
2023-08-18,20230818BARLON1,BAR,LON,R,2023,20230818BARLON1-80,Carson Burns,Jaryd Lund,L,L,,Carson Burns putout (strike out swinging) for out number 3,called_strike,S,,,2,1,2,9,Top,,,,,,,,,,Starlin Rodriguez,Ryan Rijo,Hayden Jaco,Brad Verhoeven,Noah Williams,Brett Graham,Daniel Battel,Tommy Reyes-Cruz,Starling Joseph,Andrew Lawrence,Byron Reichstein,80,4,5,6,5,6,5,6,5,6,,,,,,RP,35,10,2
2023-08-18,20230818BARLON1,BAR,LON,R,2023,20230818BARLON1-80,Carson Burns,Jaryd Lund,L,L,,Carson Burns putout (strike out swinging) for out number 3,foul,S,,,2,2,2,9,Top,,,,,,,,,,Starlin Rodriguez,Ryan Rijo,Hayden Jaco,Brad Verhoeven,Noah Williams,Brett Graham,Daniel Battel,Tommy Reyes-Cruz,Starling Joseph,Andrew Lawrence,Byron Reichstein,80,5,5,6,5,6,5,6,5,6,,,,,,RP,36,10,2
2023-08-18,20230818BARLON1,BAR,LON,R,2023,20230818BARLON1-80,Carson Burns,Jaryd Lund,L,L,,Carson Burns putout (strike out swinging) for out number 3,ball,B,,,2,2,2,9,Top,,,,,,,,,,Starlin Rodriguez,Ryan Rijo,Hayden Jaco,Brad Verhoeven,Noah Williams,Brett Graham,Daniel Battel,Tommy Reyes-Cruz,Starling Joseph,Andrew Lawrence,Byron Reichstein,80,6,5,6,5,6,5,6,5,6,,,,,,RP,37,10,2
2023-08-18,20230818BARLON1,BAR,LON,R,2023,20230818BARLON1-80,Carson Burns,Jaryd Lund,L,L,strikeout,Carson Burns putout (strike out swinging) for out number 3,swinging_strike,S,2,,3,2,2,9,Top,,,,,,,,,,Starlin Rodriguez,Ryan Rijo,Hayden Jaco,Brad Verhoeven,Noah Williams,Brett Graham,Daniel Battel,Tommy Reyes-Cruz,Starling Joseph,Andrew Lawrence,Byron Reichstein,80,7,5,6,5,6,5,6,5,6,,,,,,RP,38,10,2