game_date,game_pk,away_team,home_team,game_type,game_year,sv_id,batter,pitcher,stand,p_throws,events,des,description,type,hit_location,bb_type,balls,strikes,outs_when_up,inning,inning_topbot,pitch_type,plate_x,plate_z,zone,hc_x,hc_y,hit_distance_sc,launch_speed_angle,pitch_name,on_3b,on_2b,on_1b,fielder_2,fielder_3,fielder_4,fielder_5,fielder_6,fielder_7,fielder_8,fielder_9,at_bat_number,pitch_number,away_score,home_score,bat_score,fld_score,post_away_score,post_home_score,post_bat_score,post_fld_score,woba_value,woba_denom,babip_value,iso_value,role_key,pitch_number_appearance,pitcher_at_bat_number,times_faced
2024-06-07,20240607BARLON1,BAR,LON,R,2024,20240607BARLON1-01,Canice Ejoh,Jose Arias,R,R,,Canice Ejoh advances to 1st (single),called_strike,S,,,0,0,0,1,Top,,,,,,,,,,,,,Eduardo De Oleo,Kaiden Cardoso,Gibson Krzeminski,Victor Plaz,Tommy Reyes-Cruz,Starling Joseph,Champ Garner,Byron Reichstein,1,1,0,0,0,0,0,0,0,0,,,,,SP,1,1,1
2024-06-07,20240607BARLON1,BAR,LON,R,2024,20240607BARLON1-01,Canice Ejoh,Jose Arias,R,R,,Canice Ejoh advances to 1st (single),ball,B,,,0,1,0,1,Top,,,,,,,,,,,,,Eduardo De Oleo,Kaiden Cardoso,Gibson Krzeminski,Victor Plaz,Tommy Reyes-Cruz,Starling Joseph,Champ Garner,Byron Reichstein,1,2,0,0,0,0,0,0,0,0,,,,,SP,2,1,1
2024-06-07,20240607BARLON1,BAR,LON,R,2024,20240607BARLON1-01,Canice Ejoh,Jose Arias,R,R,,Canice Ejoh advances to 1st (single),foul,S,,,1,1,0,1,Top,,,,,,,,,,,,,Eduardo De Oleo,Kaiden Cardoso,Gibson Krzeminski,Victor Plaz,Tommy Reyes-Cruz,Starling Joseph,Champ Garner,Byron Reichstein,1,3,0,0,0,0,0,0,0,0,,,,,SP,3,1,1
2024-06-07,20240607BARLON1,BAR,LON,R,2024,20240607BARLON1-01,Canice Ejoh,Jose Arias,R,R,single,Canice Ejoh advances to 1st (single),hit_into_play,X,,,1,2,0,1,Top,,,,,,,,,,,,,Eduardo De Oleo,Kaiden Cardoso,Gibson Krzeminski,Victor Plaz,Tommy Reyes-Cruz,Starling Joseph,Champ Garner,Byron Reichstein,1,4,0,0,0,0,0,0,0,0,,,,,SP,4,1,1
2024-06-07,20240607BARLON1,BAR,LON,R,2024,20240607BARLON1-02,Kyle Maves,Jose Arias,L,R,,"Canice Ejoh putout (caught stealing: CS 2-6) for out number 1, Kyle Maves putout (strike out) for out number 2",foul,S,,,0,0,0,1,Top,,,,,,,,,,,,Canice Ejoh,Eduardo De Oleo,Kaiden Cardoso,Gibson Krzeminski,Victor Plaz,Tommy Reyes-Cruz,Starling Joseph,Champ Garner,Byron Reichstein,2,1,0,0,0,0,0,0,0,0,,,,,SP,5,2,1
2024-06-07,20240607BARLON1,BAR,LON,R,2024,20240607BARLON1-02,Kyle Maves,Jose Arias,L,R,caught_stealing_2b,"Canice Ejoh putout (caught stealing: CS 2-6) for out number 1, Kyle Maves putout (strike out) for out number 3",ball,B,,,0,1,1,1,Top,,,,,,,,,,,,Canice Ejoh,Eduardo De Oleo,Kaiden Cardoso,Gibson Krzeminski,Victor Plaz,Tommy Reyes-Cruz,Starling Joseph,Champ Garner,Byron Reichstein,2,2,0,0,0,0,0,0,0,0,,,,,SP,6,2,1
2024-06-07,20240607BARLON1,BAR,LON,R,2024,20240607BARLON1-02,Kyle Maves,Jose Arias,L,R,,"Canice Ejoh putout (caught stealing: CS 2-6) for out number 1, Kyle Maves putout (strike out) for out number 4",called_strike,S,,,1,1,1,1,Top,,,,,,,,,,,,,Eduardo De Oleo,Kaiden Cardoso,Gibson Krzeminski,Victor Plaz,Tommy Reyes-Cruz,Starling Joseph,Champ Garner,Byron Reichstein,2,3,0,0,0,0,0,0,0,0,,,,,SP,7,2,1
2024-06-07,20240607BARLON1,BAR,LON,R,2024,20240607BARLON1-02,Kyle Maves,Jose Arias,L,R,strikeout,"Canice Ejoh putout (caught stealing: CS 2-6) for out number 1, Kyle Maves putout (strike out) for out number 5",called_strike,S,,,1,2,1,1,Top,,,,,,,,,,,,,Eduardo De Oleo,Kaiden Cardoso,Gibson Krzeminski,Victor Plaz,Tommy Reyes-Cruz,Starling Joseph,Champ Garner,Byron Reichstein,2,4,0,0,0,0,0,0,0,0,,,,,SP,8,2,1
2024-06-07,20240607BARLON1,BAR,LON,R,2024,20240607BARLON1-03,Adam Odd,Jose Arias,L,R,,Adam Odd putout (4-3) for out number 3,ball,B,,,0,0,2,1,Top,,,,,,,,,,,,,Eduardo De Oleo,Kaiden Cardoso,Gibson Krzeminski,Victor Plaz,Tommy Reyes-Cruz,Starling Joseph,Champ Garner,Byron Reichstein,3,1,0,0,0,0,0,0,0,0,,,,,SP,9,3,1
2024-06-07,20240607BARLON1,BAR,LON,R,2024,20240607BARLON1-03,Adam Odd,Jose Arias,L,R,,Adam Odd putout (4-3) for out number 3,swinging_strike,S,,,1,0,2,1,Top,,,,,,,,,,,,,Eduardo De Oleo,Kaiden Cardoso,Gibson Krzeminski,Victor Plaz,Tommy Reyes-Cruz,Starling Joseph,Champ Garner,Byron Reichstein,3,2,0,0,0,0,0,0,0,0,,,,,SP,10,3,1
2024-06-07,20240607BARLON1,BAR,LON,R,2024,20240607BARLON1-03,Adam Odd,Jose Arias,L,R,field_out,Adam Odd putout (4-3) for out number 3,hit_into_play,X,,,1,1,2,1,Top,,,,,,,,,,,,,Eduardo De Oleo,Kaiden Cardoso,Gibson Krzeminski,Victor Plaz,Tommy Reyes-Cruz,Starling Joseph,Champ Garner,Byron Reichstein,3,3,0,0,0,0,0,0,0,0,,,,,SP,11,3,1
2024-06-07,20240607BARLON1,BAR,LON,R,2024,20240607BARLON1-04,Champ Garner,Frank Garces,R,L,,Champ Garner putout (F-9) for out number 1,called_strike,S,,NA,0,0,0,1,Bot,UN,,,0,,,,,Unknown,,,,Hayden Jaco,Nolan Machibroda,Kyle Maves,Adam Odd,Carson Burns,Zac Orchard,Canice Ejoh,Rick Phillips,4,1,0,0,0,0,0,0,0,0,,,,,SP,1,1,1
2024-06-07,20240607BARLON1,BAR,LON,R,2024,20240607BARLON1-04,Champ Garner,Frank Garces,R,L,,Champ Garner putout (F-9) for out number 1,foul,S,,NA,0,1,0,1,Bot,UN,,,0,,,,,Unknown,,,,Hayden Jaco,Nolan Machibroda,Kyle Maves,Adam Odd,Carson Burns,Zac Orchard,Canice Ejoh,Rick Phillips,4,2,0,0,0,0,0,0,0,0,,,,,SP,2,1,1
2024-06-07,20240607BARLON1,BAR,LON,R,2024,20240607BARLON1-04,Champ Garner,Frank Garces,R,L,field_out,Champ Garner putout (F-9) for out number 1,hit_into_play,X,9,fly_ball,0,2,0,1,Bot,UN,,,0,188.04276315789474,212.90425531914897,284.05686527358824,3,Unknown,,,,Hayden Jaco,Nolan Machibroda,Kyle Maves,Adam Odd,Carson Burns,Zac Orchard,Canice Ejoh,Rick Phillips,4,3,0,0,0,0,0,0,0,0,,,,,SP,3,1,1
2024-06-07,20240607BARLON1,BAR,LON,R,2024,20240607BARLON1-05,Tommy Reyes-Cruz,Frank Garces,L,L,,Tommy Reyes-Cruz putout (fly out to left field) for out number 2,foul,S,,NA,0,0,1,1,Bot,UN,,,0,,,,,Unknown,,,,Hayden Jaco,Nolan Machibroda,Kyle Maves,Adam Odd,Carson Burns,Zac Orchard,Canice Ejoh,Rick Phillips,5,1,0,0,0,0,0,0,0,0,,,,,SP,4,2,1
2024-06-07,20240607BARLON1,BAR,LON,R,2024,20240607BARLON1-05,Tommy Reyes-Cruz,Frank Garces,L,L,field_out,Tommy Reyes-Cruz putout (fly out to left field) for out number 2,hit_into_play,X,7,line_drive,0,1,1,1,Bot,UN,,,0,-99.32565789,173.68541033434653,200.0805039958482,4,Unknown,,,,Hayden Jaco,Nolan Machibroda,Kyle Maves,Adam Odd,Carson Burns,Zac Orchard,Canice Ejoh,Rick Phillips,5,2,0,0,0,0,0,0,0,0,,,,,SP,5,2,1
2024-06-07,20240607BARLON1,BAR,LON,R,2024,20240607BARLON1-06,Starling Joseph,Frank Garces,R,L,,Starling Joseph putout (strike out) for out number 3,called_strike,S,,NA,0,0,2,1,Bot,UN,,,0,,,,,Unknown,,,,Hayden Jaco,Nolan Machibroda,Kyle Maves,Adam Odd,Carson Burns,Zac Orchard,Canice Ejoh,Rick Phillips,6,1,0,0,0,0,0,0,0,0,,,,,SP,6,3,1
2024-06-07,20240607BARLON1,BAR,LON,R,2024,20240607BARLON1-06,Starling Joseph,Frank Garces,R,L,,Starling Joseph putout (strike out) for out number 3,ball,B,,NA,0,1,2,1,Bot,UN,,,0,,,,,Unknown,,,,Hayden Jaco,Nolan Machibroda,Kyle Maves,Adam Odd,Carson Burns,Zac Orchard,Canice Ejoh,Rick Phillips,6,2,0,0,0,0,0,0,0,0,,,,,SP,7,3,1
2024-06-07,20240607BARLON1,BAR,LON,R,2024,20240607BARLON1-06,Starling Joseph,Frank Garces,R,L,,Starling Joseph putout (strike out) for out number 3,swinging_strike,S,,NA,1,1,2,1,Bot,UN,,,0,,,,,Unknown,,,,Hayden Jaco,Nolan Machibroda,Kyle Maves,Adam Odd,Carson Burns,Zac Orchard,Canice Ejoh,Rick Phillips,6,3,0,0,0,0,0,0,0,0,,,,,SP,8,3,1
2024-06-07,20240607BARLON1,BAR,LON,R,2024,20240607BARLON1-06,Starling Joseph,Frank Garces,R,L,strikeout,Starling Joseph putout (strike out) for out number 3,called_strike,S,2,NA,1,2,2,1,Bot,UN,,,0,,,,,Unknown,,,,Hayden Jaco,Nolan Machibroda,Kyle Maves,Adam Odd,Carson Burns,Zac Orchard,Canice Ejoh,Rick Phillips,6,4,0,0,0,0,0,0,0,0,,,,,SP,9,3,1
2024-06-07,20240607BARLON1,BAR,LON,R,2024,20240607BARLON1-07,Ryan Rijo,Jose Arias,L,R,field_out,Ryan Rijo putout (fly out to the catcher) for out number 1,hit_into_play,X,,,0,0,0,2,Top,,,,,,,,,,,,,Eduardo De Oleo,Kaiden Cardoso,Gibson Krzeminski,Victor Plaz,Tommy Reyes-Cruz,Starling Joseph,Champ Garner,Byron Reichstein,7,1,0,0,0,0,0,0,0,0,,,,,SP,12,4,1
2024-06-07,20240607BARLON1,BAR,LON,R,2024,20240607BARLON1-08,Hayden Jaco,Jose Arias,R,R,,Hayden Jaco putout (fly out to center field) for out number 2,called_strike,S,,,0,0,1,2,Top,,,,,,,,,,,,,Eduardo De Oleo,Kaiden Cardoso,Gibson Krzeminski,Victor Plaz,Tommy Reyes-Cruz,Starling Joseph,Champ Garner,Byron Reichstein,8,1,0,0,0,0,0,0,0,0,,,,,SP,13,5,1
2024-06-07,20240607BARLON1,BAR,LON,R,2024,20240607BARLON1-08,Hayden Jaco,Jose Arias,R,R,field_out,Hayden Jaco putout (fly out to center field) for out number 2,hit_into_play,X,,,0,1,1,2,Top,,,,,,,,,,,,,Eduardo De Oleo,Kaiden Cardoso,Gibson Krzeminski,Victor Plaz,Tommy Reyes-Cruz,Starling Joseph,Champ Garner,Byron Reichstein,8,2,0,0,0,0,0,0,0,0,,,,,SP,14,5,1
2024-06-07,20240607BARLON1,BAR,LON,R,2024,20240607BARLON1-09,Nolan Machibroda,Jose Arias,L,R,,Nolan Machibroda putout (5-3) for out number 3,ball,B,,,0,0,2,2,Top,,,,,,,,,,,,,Eduardo De Oleo,Kaiden Cardoso,Gibson Krzeminski,Victor Plaz,Tommy Reyes-Cruz,Starling Joseph,Champ Garner,Byron Reichstein,9,1,0,0,0,0,0,0,0,0,,,,,SP,15,6,1
2024-06-07,20240607BARLON1,BAR,LON,R,2024,20240607BARLON1-09,Nolan Machibroda,Jose Arias,L,R,,Nolan Machibroda putout (5-3) for out number 3,foul,S,,,1,0,2,2,Top,,,,,,,,,,,,,Eduardo De Oleo,Kaiden Cardoso,Gibson Krzeminski,Victor Plaz,Tommy Reyes-Cruz,Starling Joseph,Champ Garner,Byron Reichstein,9,2,0,0,0,0,0,0,0,0,,,,,SP,16,6,1
2024-06-07,20240607BARLON1,BAR,LON,R,2024,20240607BARLON1-09,Nolan Machibroda,Jose Arias,L,R,,Nolan Machibroda putout (5-3) for out number 3,called_strike,S,,,1,1,2,2,Top,,,,,,,,,,,,,Eduardo De Oleo,Kaiden Cardoso,Gibson Krzeminski,Victor Plaz,Tommy Reyes-Cruz,Starling Joseph,Champ Garner,Byron Reichstein,9,3,0,0,0,0,0,0,0,0,,,,,SP,17,6,1
2024-06-07,20240607BARLON1,BAR,LON,R,2024,20240607BARLON1-09,Nolan Machibroda,Jose Arias,L,R,field_out,Nolan Machibroda putout (5-3) for out number 3,hit_into_play,X,,,1,2,2,2,Top,,,,,,,,,,,,,Eduardo De Oleo,Kaiden Cardoso,Gibson Krzeminski,Victor Plaz,Tommy Reyes-Cruz,Starling Joseph,Champ Garner,Byron Reichstein,9,4,0,0,0,0,0,0,0,0,,,,,SP,18,6,1
2024-06-07,20240607BARLON1,BAR,LON,R,2024,20240607BARLON1-10,Kaiden Cardoso,Frank Garces,L,L,single,Kaiden Cardoso advances to 1st (single),hit_into_play,X,9,ground_ball,0,0,0,2,Bot,UN,,,0,118.56907894736842,197.55775075987845,230.40766343099253,4,Unknown,,,,Hayden Jaco,Nolan Machibroda,Kyle Maves,Adam Odd,Carson Burns,Zac Orchard,Canice Ejoh,Rick Phillips,10,1,0,0,0,0,0,0,0,0,,,,,SP,10,4,1
2024-06-07,20240607BARLON1,BAR,LON,R,2024,20240607BARLON1-11,Eduardo De Oleo,Frank Garces,R,L,,"Eduardo De Oleo advances to 1st (single), Kaiden Cardoso advances to 3rd",called_strike,S,,NA,0,0,0,2,Bot,UN,,,0,,,,,Unknown,,,Kaiden Cardoso,Hayden Jaco,Nolan Machibroda,Kyle Maves,Adam Odd,Carson Burns,Zac Orchard,Canice Ejoh,Rick Phillips,11,1,0,0,0,0,0,0,0,0,,,,,SP,11,5,1
2024-06-07,20240607BARLON1,BAR,LON,R,2024,20240607BARLON1-11,Eduardo De Oleo,Frank Garces,R,L,,"Eduardo De Oleo advances to 1st (single), Kaiden Cardoso advances to 3rd",,U,,NA,0,1,0,2,Bot,UN,,,0,,,,,Unknown,,,Kaiden Cardoso,Hayden Jaco,Nolan Machibroda,Kyle Maves,Adam Odd,Carson Burns,Zac Orchard,Canice Ejoh,Rick Phillips,11,2,0,0,0,0,0,0,0,0,,,,,SP,12,5,1
2024-06-07,20240607BARLON1,BAR,LON,R,2024,20240607BARLON1-11,Eduardo De Oleo,Frank Garces,R,L,,"Eduardo De Oleo advances to 1st (single), Kaiden Cardoso advances to 3rd",swinging_strike,S,,NA,0,1,0,2,Bot,UN,,,0,,,,,Unknown,,,Kaiden Cardoso,Hayden Jaco,Nolan Machibroda,Kyle Maves,Adam Odd,Carson Burns,Zac Orchard,Canice Ejoh,Rick Phillips,11,3,0,0,0,0,0,0,0,0,,,,,SP,13,5,1
2024-06-07,20240607BARLON1,BAR,LON,R,2024,20240607BARLON1-11,Eduardo De Oleo,Frank Garces,R,L,single,"Eduardo De Oleo advances to 1st (single), Kaiden Cardoso advances to 3rd",hit_into_play,X,9,line_drive,0,2,0,2,Bot,UN,,,0,105.9375,197.55775075987845,224.16917449005393,4,Unknown,,,Kaiden Cardoso,Hayden Jaco,Nolan Machibroda,Kyle Maves,Adam Odd,Carson Burns,Zac Orchard,Canice Ejoh,Rick Phillips,11,4,0,0,0,0,0,0,0,0,,,,,SP,14,5,1
2024-06-07,20240607BARLON1,BAR,LON,R,2024,20240607BARLON1-12,Byron Reichstein,Frank Garces,L,L,,"Eduardo De Oleo advances to 2nd, Byron Reichstein putout (1-3) for out number 1",ball,B,,NA,0,0,0,2,Bot,UN,,,0,,,,,Unknown,Kaiden Cardoso,,Eduardo De Oleo,Hayden Jaco,Nolan Machibroda,Kyle Maves,Adam Odd,Carson Burns,Zac Orchard,Canice Ejoh,Rick Phillips,12,1,0,0,0,0,0,0,0,0,,,,,SP,15,6,1
2024-06-07,20240607BARLON1,BAR,LON,R,2024,20240607BARLON1-12,Byron Reichstein,Frank Garces,L,L,field_out,"Eduardo De Oleo advances to 2nd, Byron Reichstein putout (1-3) for out number 1",hit_into_play,X,1,bunt,1,0,0,2,Bot,UN,,,0,9.621710526,49.20820668693012,50.140053039419996,1,Unknown,Kaiden Cardoso,,Eduardo De Oleo,Hayden Jaco,Nolan Machibroda,Kyle Maves,Adam Odd,Carson Burns,Zac Orchard,Canice Ejoh,Rick Phillips,12,2,0,0,0,0,0,0,0,0,,,,,SP,16,6,1
2024-06-07,20240607BARLON1,BAR,LON,R,2024,20240607BARLON1-13,Victor Plaz,Frank Garces,R,L,,Victor Plaz putout (strike out swinging) for out number 2,swinging_strike,S,,NA,0,0,1,2,Bot,UN,,,0,,,,,Unknown,Kaiden Cardoso,Eduardo De Oleo,,Hayden Jaco,Nolan Machibroda,Kyle Maves,Adam Odd,Carson Burns,Zac Orchard,Canice Ejoh,Rick Phillips,13,1,0,0,0,0,0,0,0,0,,,,,SP,17,7,1
2024-06-07,20240607BARLON1,BAR,LON,R,2024,20240607BARLON1-13,Victor Plaz,Frank Garces,R,L,,Victor Plaz putout (strike out swinging) for out number 2,swinging_strike,S,,NA,0,1,1,2,Bot,UN,,,0,,,,,Unknown,Kaiden Cardoso,Eduardo De Oleo,,Hayden Jaco,Nolan Machibroda,Kyle Maves,Adam Odd,Carson Burns,Zac Orchard,Canice Ejoh,Rick Phillips,13,2,0,0,0,0,0,0,0,0,,,,,SP,18,7,1
2024-06-07,20240607BARLON1,BAR,LON,R,2024,20240607BARLON1-13,Victor Plaz,Frank Garces,R,L,,Victor Plaz putout (strike out swinging) for out number 2,foul,S,,NA,0,2,1,2,Bot,UN,,,0,,,,,Unknown,Kaiden Cardoso,Eduardo De Oleo,,Hayden Jaco,Nolan Machibroda,Kyle Maves,Adam Odd,Carson Burns,Zac Orchard,Canice Ejoh,Rick Phillips,13,3,0,0,0,0,0,0,0,0,,,,,SP,19,7,1
2024-06-07,20240607BARLON1,BAR,LON,R,2024,20240607BARLON1-13,Victor Plaz,Frank Garces,R,L,strikeout,Victor Plaz putout (strike out swinging) for out number 2,swinging_strike,S,2,NA,0,2,1,2,Bot,UN,,,0,,,,,Unknown,Kaiden Cardoso,Eduardo De Oleo,,Hayden Jaco,Nolan Machibroda,Kyle Maves,Adam Odd,Carson Burns,Zac Orchard,Canice Ejoh,Rick Phillips,13,4,0,0,0,0,0,0,0,0,,,,,SP,20,7,1
2024-06-07,20240607BARLON1,BAR,LON,R,2024,20240607BARLON1-14,Gibson Krzeminski,Frank Garces,R,L,,Gibson Krzeminski putout (fly out to center field) for out number 3,called_strike,S,,NA,0,0,2,2,Bot,UN,,,0,,,,,Unknown,Kaiden Cardoso,Eduardo De Oleo,,Hayden Jaco,Nolan Machibroda,Kyle Maves,Adam Odd,Carson Burns,Zac Orchard,Canice Ejoh,Rick Phillips,14,1,0,0,0,0,0,0,0,0,,,,,SP,21,8,1
2024-06-07,20240607BARLON1,BAR,LON,R,2024,20240607BARLON1-14,Gibson Krzeminski,Frank Garces,R,L,,Gibson Krzeminski putout (fly out to center field) for out number 3,foul,S,,NA,0,1,2,2,Bot,UN,,,0,,,,,Unknown,Kaiden Cardoso,Eduardo De Oleo,,Hayden Jaco,Nolan Machibroda,Kyle Maves,Adam Odd,Carson Burns,Zac Orchard,Canice Ejoh,Rick Phillips,14,2,0,0,0,0,0,0,0,0,,,,,SP,22,8,1
2024-06-07,20240607BARLON1,BAR,LON,R,2024,20240607BARLON1-14,Gibson Krzeminski,Frank Garces,R,L,field_out,Gibson Krzeminski putout (fly out to center field) for out number 3,hit_into_play,X,8,fly_ball,0,2,2,2,Bot,UN,,,0,-66.16776316,354.43313069908817,360.5565378945113,5,Unknown,Kaiden Cardoso,Eduardo De Oleo,,Hayden Jaco,Nolan Machibroda,Kyle Maves,Adam Odd,Carson Burns,Zac Orchard,Canice Ejoh,Rick Phillips,14,3,0,0,0,0,0,0,0,0,,,,,SP,23,8,1
2024-06-07,20240607BARLON1,BAR,LON,R,2024,20240607BARLON1-15,Rick Phillips,Jose Arias,R,R,,Rick Phillips putout (strike out) for out number 1,called_strike,S,,,0,0,0,3,Top,,,,,,,,,,,,,Eduardo De Oleo,Kaiden Cardoso,Gibson Krzeminski,Victor Plaz,Tommy Reyes-Cruz,Starling Joseph,Champ Garner,Byron Reichstein,15,1,0,0,0,0,0,0,0,0,,,,,SP,19,7,1
2024-06-07,20240607BARLON1,BAR,LON,R,2024,20240607BARLON1-15,Rick Phillips,Jose Arias,R,R,,Rick Phillips putout (strike out) for out number 1,swinging_strike,S,,,0,1,0,3,Top,,,,,,,,,,,,,Eduardo De Oleo,Kaiden Cardoso,Gibson Krzeminski,Victor Plaz,Tommy Reyes-Cruz,Starling Joseph,Champ Garner,Byron Reichstein,15,2,0,0,0,0,0,0,0,0,,,,,SP,20,7,1
2024-06-07,20240607BARLON1,BAR,LON,R,2024,20240607BARLON1-15,Rick Phillips,Jose Arias,R,R,strikeout,Rick Phillips putout (strike out) for out number 1,called_strike,S,,,0,2,0,3,Top,,,,,,,,,,,,,Eduardo De Oleo,Kaiden Cardoso,Gibson Krzeminski,Victor Plaz,Tommy Reyes-Cruz,Starling Joseph,Champ Garner,Byron Reichstein,15,3,0,0,0,0,0,0,0,0,,,,,SP,21,7,1
2024-06-07,20240607BARLON1,BAR,LON,R,2024,20240607BARLON1-16,Zachary Orchard,Jose Arias,R,R,,Zac Orchard putout (strike out swinging) for out number 2,ball,B,,,0,0,1,3,Top,,,,,,,,,,,,,Eduardo De Oleo,Kaiden Cardoso,Gibson Krzeminski,Victor Plaz,Tommy Reyes-Cruz,Starling Joseph,Champ Garner,Byron Reichstein,16,1,0,0,0,0,0,0,0,0,,,,,SP,22,8,1
2024-06-07,20240607BARLON1,BAR,LON,R,2024,20240607BARLON1-16,Zachary Orchard,Jose Arias,R,R,,Zac Orchard putout (strike out swinging) for out number 2,swinging_strike,S,,,1,0,1,3,Top,,,,,,,,,,,,,Eduardo De Oleo,Kaiden Cardoso,Gibson Krzeminski,Victor Plaz,Tommy Reyes-Cruz,Starling Joseph,Champ Garner,Byron Reichstein,16,2,0,0,0,0,0,0,0,0,,,,,SP,23,8,1
2024-06-07,20240607BARLON1,BAR,LON,R,2024,20240607BARLON1-16,Zachary Orchard,Jose Arias,R,R,,Zac Orchard putout (strike out swinging) for out number 2,called_strike,S,,,1,1,1,3,Top,,,,,,,,,,,,,Eduardo De Oleo,Kaiden Cardoso,Gibson Krzeminski,Victor Plaz,Tommy Reyes-Cruz,Starling Joseph,Champ Garner,Byron Reichstein,16,3,0,0,0,0,0,0,0,0,,,,,SP,24,8,1
2024-06-07,20240607BARLON1,BAR,LON,R,2024,20240607BARLON1-16,Zachary Orchard,Jose Arias,R,R,,Zac Orchard putout (strike out swinging) for out number 2,ball,B,,,1,2,1,3,Top,,,,,,,,,,,,,Eduardo De Oleo,Kaiden Cardoso,Gibson Krzeminski,Victor Plaz,Tommy Reyes-Cruz,Starling Joseph,Champ Garner,Byron Reichstein,16,4,0,0,0,0,0,0,0,0,,,,,SP,25,8,1
2024-06-07,20240607BARLON1,BAR,LON,R,2024,20240607BARLON1-16,Zachary Orchard,Jose Arias,R,R,strikeout,Zac Orchard putout (strike out swinging) for out number 2,swinging_strike,S,,,2,2,1,3,Top,,,,,,,,,,,,,Eduardo De Oleo,Kaiden Cardoso,Gibson Krzeminski,Victor Plaz,Tommy Reyes-Cruz,Starling Joseph,Champ Garner,Byron Reichstein,16,5,0,0,0,0,0,0,0,0,,,,,SP,26,8,1
2024-06-07,20240607BARLON1,BAR,LON,R,2024,20240607BARLON1-17,Carson Burns,Jose Arias,L,R,field_out,Carson Burns putout (G3) for out number 3,hit_into_play,X,,,0,0,2,3,Top,,,,,,,,,,,,,Eduardo De Oleo,Kaiden Cardoso,Gibson Krzeminski,Victor Plaz,Tommy Reyes-Cruz,Starling Joseph,Champ Garner,Byron Reichstein,17,1,0,0,0,0,0,0,0,0,,,,,SP,27,9,1
2024-06-07,20240607BARLON1,BAR,LON,R,2024,20240607BARLON1-18,Tristan Osika,Frank Garces,R,L,,Tristan Osika advances to 1st (single),ball,B,,NA,0,0,0,3,Bot,UN,,,0,,,,,Unknown,,,,Hayden Jaco,Nolan Machibroda,Kyle Maves,Adam Odd,Carson Burns,Zac Orchard,Canice Ejoh,Rick Phillips,18,1,0,0,0,0,0,0,0,0,,,,,SP,24,9,1
2024-06-07,20240607BARLON1,BAR,LON,R,2024,20240607BARLON1-18,Tristan Osika,Frank Garces,R,L,single,Tristan Osika advances to 1st (single),hit_into_play,X,9,line_drive,1,0,0,3,Bot,UN,,,0,109.09539473684211,248.71276595744683,271.5876379789609,4,Unknown,,,,Hayden Jaco,Nolan Machibroda,Kyle Maves,Adam Odd,Carson Burns,Zac Orchard,Canice Ejoh,Rick Phillips,18,2,0,0,0,0,0,0,0,0,,,,,SP,25,9,1
2024-06-07,20240607BARLON1,BAR,LON,R,2024,20240607BARLON1-19,Champ Garner,Frank Garces,R,L,field_out,Champ Garner putout (fly out to the pitcher) for out number 1,hit_into_play,X,1,bunt,0,0,0,3,Bot,UN,,,0,17.516447368421055,47.50303951367784,50.62968192126732,3,Unknown,,,Tristan Osika,Hayden Jaco,Nolan Machibroda,Kyle Maves,Adam Odd,Carson Burns,Zac Orchard,Canice Ejoh,Rick Phillips,19,1,0,0,0,0,0,0,0,0,,,,,SP,26,10,2
2024-06-07,20240607BARLON1,BAR,LON,R,2024,20240607BARLON1-20,Tommy Reyes-Cruz,Frank Garces,L,L,,"Tommy Reyes-Cruz putout (G3) for out number 2, Tristan Osika advances to 3rd",ball,B,,NA,0,0,1,3,Bot,UN,,,0,,,,,Unknown,,,Tristan Osika,Hayden Jaco,Nolan Machibroda,Kyle Maves,Adam Odd,Carson Burns,Zac Orchard,Canice Ejoh,Rick Phillips,20,1,0,0,0,0,0,0,0,0,,,,,SP,27,11,2
2024-06-07,20240607BARLON1,BAR,LON,R,2024,20240607BARLON1-20,Tommy Reyes-Cruz,Frank Garces,L,L,,"Tommy Reyes-Cruz putout (G3) for out number 2, Tristan Osika advances to 3rd",foul,S,,NA,1,0,1,3,Bot,UN,,,0,,,,,Unknown,,,Tristan Osika,Hayden Jaco,Nolan Machibroda,Kyle Maves,Adam Odd,Carson Burns,Zac Orchard,Canice Ejoh,Rick Phillips,20,2,0,0,0,0,0,0,0,0,,,,,SP,28,11,2
2024-06-07,20240607BARLON1,BAR,LON,R,2024,20240607BARLON1-20,Tommy Reyes-Cruz,Frank Garces,L,L,,"Tommy Reyes-Cruz putout (G3) for out number 2, Tristan Osika advances to 3rd",,U,,NA,1,1,1,3,Bot,UN,,,0,,,,,Unknown,,,Tristan Osika,Hayden Jaco,Nolan Machibroda,Kyle Maves,Adam Odd,Carson Burns,Zac Orchard,Canice Ejoh,Rick Phillips,20,3,0,0,0,0,0,0,0,0,,,,,SP,29,11,2
2024-06-07,20240607BARLON1,BAR,LON,R,2024,20240607BARLON1-20,Tommy Reyes-Cruz,Frank Garces,L,L,,"Tommy Reyes-Cruz putout (G3) for out number 2, Tristan Osika advances to 3rd",called_strike,S,,NA,1,1,1,3,Bot,UN,,,0,,,,,Unknown,,,Tristan Osika,Hayden Jaco,Nolan Machibroda,Kyle Maves,Adam Odd,Carson Burns,Zac Orchard,Canice Ejoh,Rick Phillips,20,4,0,0,0,0,0,0,0,0,,,,,SP,30,11,2
2024-06-07,20240607BARLON1,BAR,LON,R,2024,20240607BARLON1-20,Tommy Reyes-Cruz,Frank Garces,L,L,field_out,"Tommy Reyes-Cruz putout (G3) for out number 2, Tristan Osika advances to 3rd",hit_into_play,X,3,ground_ball,1,2,1,3,Bot,UN,,,0,79.09539473684211,88.42705167173256,118.63989605496175,2,Unknown,,,Tristan Osika,Hayden Jaco,Nolan Machibroda,Kyle Maves,Adam Odd,Carson Burns,Zac Orchard,Canice Ejoh,Rick Phillips,20,5,0,0,0,0,0,0,0,0,,,,,SP,31,11,2
2024-06-07,20240607BARLON1,BAR,LON,R,2024,20240607BARLON1-21,Starling Joseph,Frank Garces,R,L,,Starling Joseph putout (fly out to right field) for out number 3,foul,S,,NA,0,0,2,3,Bot,UN,,,0,156.4638157894737,214.60942249240125,265.59015394762724,,Unknown,Tristan Osika,,,Hayden Jaco,Nolan Machibroda,Kyle Maves,Adam Odd,Carson Burns,Zac Orchard,Canice Ejoh,Rick Phillips,21,1,0,0,0,0,0,0,0,0,,,,,SP,32,12,2
2024-06-07,20240607BARLON1,BAR,LON,R,2024,20240607BARLON1-21,Starling Joseph,Frank Garces,R,L,,Starling Joseph putout (fly out to right field) for out number 3,swinging_strike,S,,NA,0,1,2,3,Bot,UN,,,0,,,,,Unknown,Tristan Osika,,,Hayden Jaco,Nolan Machibroda,Kyle Maves,Adam Odd,Carson Burns,Zac Orchard,Canice Ejoh,Rick Phillips,21,2,0,0,0,0,0,0,0,0,,,,,SP,33,12,2
2024-06-07,20240607BARLON1,BAR,LON,R,2024,20240607BARLON1-21,Starling Joseph,Frank Garces,R,L,field_out,Starling Joseph putout (fly out to right field) for out number 3,hit_into_play,X,9,fly_ball,0,2,2,3,Bot,UN,,,0,161.20065789473685,219.72492401215808,272.5154937574094,3,Unknown,Tristan Osika,,,Hayden Jaco,Nolan Machibroda,Kyle Maves,Adam Odd,Carson Burns,Zac Orchard,Canice Ejoh,Rick Phillips,21,3,0,0,0,0,0,0,0,0,,,,,SP,34,12,2
2024-06-07,20240607BARLON1,BAR,LON,R,2024,20240607BARLON1-22,Canice Ejoh,Jose Arias,R,R,,Canice Ejoh putout (4-3) for out number 1,called_strike,S,,,0,0,0,4,Top,,,,,,,,,,,,,Eduardo De Oleo,Kaiden Cardoso,Gibson Krzeminski,Victor Plaz,Tommy Reyes-Cruz,Starling Joseph,Champ Garner,Byron Reichstein,22,1,0,0,0,0,0,0,0,0,,,,,SP,28,10,2
2024-06-07,20240607BARLON1,BAR,LON,R,2024,20240607BARLON1-22,Canice Ejoh,Jose Arias,R,R,,Canice Ejoh putout (4-3) for out number 1,ball,B,,,0,1,0,4,Top,,,,,,,,,,,,,Eduardo De Oleo,Kaiden Cardoso,Gibson Krzeminski,Victor Plaz,Tommy Reyes-Cruz,Starling Joseph,Champ Garner,Byron Reichstein,22,2,0,0,0,0,0,0,0,0,,,,,SP,29,10,2
2024-06-07,20240607BARLON1,BAR,LON,R,2024,20240607BARLON1-22,Canice Ejoh,Jose Arias,R,R,,Canice Ejoh putout (4-3) for out number 1,ball,B,,,1,1,0,4,Top,,,,,,,,,,,,,Eduardo De Oleo,Kaiden Cardoso,Gibson Krzeminski,Victor Plaz,Tommy Reyes-Cruz,Starling Joseph,Champ Garner,Byron Reichstein,22,3,0,0,0,0,0,0,0,0,,,,,SP,30,10,2
2024-06-07,20240607BARLON1,BAR,LON,R,2024,20240607BARLON1-22,Canice Ejoh,Jose Arias,R,R,,Canice Ejoh putout (4-3) for out number 1,ball,B,,,2,1,0,4,Top,,,,,,,,,,,,,Eduardo De Oleo,Kaiden Cardoso,Gibson Krzeminski,Victor Plaz,Tommy Reyes-Cruz,Starling Joseph,Champ Garner,Byron Reichstein,22,4,0,0,0,0,0,0,0,0,,,,,SP,31,10,2
2024-06-07,20240607BARLON1,BAR,LON,R,2024,20240607BARLON1-22,Canice Ejoh,Jose Arias,R,R,field_out,Canice Ejoh putout (4-3) for out number 1,hit_into_play,X,,,3,1,0,4,Top,,,,,,,,,,,,,Eduardo De Oleo,Kaiden Cardoso,Gibson Krzeminski,Victor Plaz,Tommy Reyes-Cruz,Starling Joseph,Champ Garner,Byron Reichstein,22,5,0,0,0,0,0,0,0,0,,,,,SP,32,10,2
2024-06-07,20240607BARLON1,BAR,LON,R,2024,20240607BARLON1-23,Kyle Maves,Jose Arias,L,R,,Kyle Maves putout (strike out swinging) for out number 2,called_strike,S,,,0,0,1,4,Top,,,,,,,,,,,,,Eduardo De Oleo,Kaiden Cardoso,Gibson Krzeminski,Victor Plaz,Tommy Reyes-Cruz,Starling Joseph,Champ Garner,Byron Reichstein,23,1,0,0,0,0,0,0,0,0,,,,,SP,33,11,2
2024-06-07,20240607BARLON1,BAR,LON,R,2024,20240607BARLON1-23,Kyle Maves,Jose Arias,L,R,,Kyle Maves putout (strike out swinging) for out number 2,swinging_strike,S,,,0,1,1,4,Top,,,,,,,,,,,,,Eduardo De Oleo,Kaiden Cardoso,Gibson Krzeminski,Victor Plaz,Tommy Reyes-Cruz,Starling Joseph,Champ Garner,Byron Reichstein,23,2,0,0,0,0,0,0,0,0,,,,,SP,34,11,2
2024-06-07,20240607BARLON1,BAR,LON,R,2024,20240607BARLON1-23,Kyle Maves,Jose Arias,L,R,,Kyle Maves putout (strike out swinging) for out number 2,foul,S,,,0,2,1,4,Top,,,,,,,,,,,,,Eduardo De Oleo,Kaiden Cardoso,Gibson Krzeminski,Victor Plaz,Tommy Reyes-Cruz,Starling Joseph,Champ Garner,Byron Reichstein,23,3,0,0,0,0,0,0,0,0,,,,,SP,35,11,2
2024-06-07,20240607BARLON1,BAR,LON,R,2024,20240607BARLON1-23,Kyle Maves,Jose Arias,L,R,,Kyle Maves putout (strike out swinging) for out number 2,ball,B,,,0,2,1,4,Top,,,,,,,,,,,,,Eduardo De Oleo,Kaiden Cardoso,Gibson Krzeminski,Victor Plaz,Tommy Reyes-Cruz,Starling Joseph,Champ Garner,Byron Reichstein,23,4,0,0,0,0,0,0,0,0,,,,,SP,36,11,2
2024-06-07,20240607BARLON1,BAR,LON,R,2024,20240607BARLON1-23,Kyle Maves,Jose Arias,L,R,strikeout,Kyle Maves putout (strike out swinging) for out number 2,swinging_strike,S,,,1,2,1,4,Top,,,,,,,,,,,,,Eduardo De Oleo,Kaiden Cardoso,Gibson Krzeminski,Victor Plaz,Tommy Reyes-Cruz,Starling Joseph,Champ Garner,Byron Reichstein,23,5,0,0,0,0,0,0,0,0,,,,,SP,37,11,2
2024-06-07,20240607BARLON1,BAR,LON,R,2024,20240607BARLON1-24,Adam Odd,Jose Arias,L,R,field_out,Adam Odd putout (fly out to left field) for out number 3,hit_into_play,X,,,0,0,2,4,Top,,,,,,,,,,,,,Eduardo De Oleo,Kaiden Cardoso,Gibson Krzeminski,Victor Plaz,Tommy Reyes-Cruz,Starling Joseph,Champ Garner,Byron Reichstein,24,1,0,0,0,0,0,0,0,0,,,,,SP,38,12,2
2024-06-07,20240607BARLON1,BAR,LON,R,2024,20240607BARLON1-25,Kaiden Cardoso,Frank Garces,L,L,,Kaiden Cardoso putout (strike out) for out number 1,called_strike,S,,NA,0,0,0,4,Bot,UN,,,0,,,,,Unknown,,,,Hayden Jaco,Nolan Machibroda,Kyle Maves,Adam Odd,Carson Burns,Zac Orchard,Canice Ejoh,Rick Phillips,25,1,0,0,0,0,0,0,0,0,,,,,SP,35,13,2
2024-06-07,20240607BARLON1,BAR,LON,R,2024,20240607BARLON1-25,Kaiden Cardoso,Frank Garces,L,L,,Kaiden Cardoso putout (strike out) for out number 1,ball,B,,NA,0,1,0,4,Bot,UN,,,0,,,,,Unknown,,,,Hayden Jaco,Nolan Machibroda,Kyle Maves,Adam Odd,Carson Burns,Zac Orchard,Canice Ejoh,Rick Phillips,25,2,0,0,0,0,0,0,0,0,,,,,SP,36,13,2
2024-06-07,20240607BARLON1,BAR,LON,R,2024,20240607BARLON1-25,Kaiden Cardoso,Frank Garces,L,L,,Kaiden Cardoso putout (strike out) for out number 1,swinging_strike,S,,NA,1,1,0,4,Bot,UN,,,0,,,,,Unknown,,,,Hayden Jaco,Nolan Machibroda,Kyle Maves,Adam Odd,Carson Burns,Zac Orchard,Canice Ejoh,Rick Phillips,25,3,0,0,0,0,0,0,0,0,,,,,SP,37,13,2
2024-06-07,20240607BARLON1,BAR,LON,R,2024,20240607BARLON1-25,Kaiden Cardoso,Frank Garces,L,L,,Kaiden Cardoso putout (strike out) for out number 1,ball,B,,NA,1,2,0,4,Bot,UN,,,0,,,,,Unknown,,,,Hayden Jaco,Nolan Machibroda,Kyle Maves,Adam Odd,Carson Burns,Zac Orchard,Canice Ejoh,Rick Phillips,25,4,0,0,0,0,0,0,0,0,,,,,SP,38,13,2
2024-06-07,20240607BARLON1,BAR,LON,R,2024,20240607BARLON1-25,Kaiden Cardoso,Frank Garces,L,L,strikeout,Kaiden Cardoso putout (strike out) for out number 1,called_strike,S,2,NA,2,2,0,4,Bot,UN,,,0,,,,,Unknown,,,,Hayden Jaco,Nolan Machibroda,Kyle Maves,Adam Odd,Carson Burns,Zac Orchard,Canice Ejoh,Rick Phillips,25,5,0,0,0,0,0,0,0,0,,,,,SP,39,13,2
2024-06-07,20240607BARLON1,BAR,LON,R,2024,20240607BARLON1-26,Eduardo De Oleo,Frank Garces,R,L,field_out,Eduardo De Oleo putout (G3) for out number 2,hit_into_play,X,3,ground_ball,0,0,1,4,Bot,UN,,,0,75.9375,90.13221884498483,117.85720504139846,2,Unknown,,,,Hayden Jaco,Nolan Machibroda,Kyle Maves,Adam Odd,Carson Burns,Zac Orchard,Canice Ejoh,Rick Phillips,26,1,0,0,0,0,0,0,0,0,,,,,SP,40,14,2
2024-06-07,20240607BARLON1,BAR,LON,R,2024,20240607BARLON1-27,Byron Reichstein,Frank Garces,L,L,,Byron Reichstein putout (f2) for out number 3,called_strike,S,,NA,0,0,2,4,Bot,UN,,,0,,,,,Unknown,,,,Hayden Jaco,Nolan Machibroda,Kyle Maves,Adam Odd,Carson Burns,Zac Orchard,Canice Ejoh,Rick Phillips,27,1,0,0,0,0,0,0,0,0,,,,,SP,41,15,2
2024-06-07,20240607BARLON1,BAR,LON,R,2024,20240607BARLON1-27,Byron Reichstein,Frank Garces,L,L,,Byron Reichstein putout (f2) for out number 3,ball,B,,NA,0,1,2,4,Bot,UN,,,0,,,,,Unknown,,,,Hayden Jaco,Nolan Machibroda,Kyle Maves,Adam Odd,Carson Burns,Zac Orchard,Canice Ejoh,Rick Phillips,27,2,0,0,0,0,0,0,0,0,,,,,SP,42,15,2
2024-06-07,20240607BARLON1,BAR,LON,R,2024,20240607BARLON1-27,Byron Reichstein,Frank Garces,L,L,,Byron Reichstein putout (f2) for out number 3,ball,B,,NA,1,1,2,4,Bot,UN,,,0,,,,,Unknown,,,,Hayden Jaco,Nolan Machibroda,Kyle Maves,Adam Odd,Carson Burns,Zac Orchard,Canice Ejoh,Rick Phillips,27,3,0,0,0,0,0,0,0,0,,,,,SP,43,15,2
2024-06-07,20240607BARLON1,BAR,LON,R,2024,20240607BARLON1-27,Byron Reichstein,Frank Garces,L,L,,Byron Reichstein putout (f2) for out number 3,called_strike,S,,NA,2,1,2,4,Bot,UN,,,0,,,,,Unknown,,,,Hayden Jaco,Nolan Machibroda,Kyle Maves,Adam Odd,Carson Burns,Zac Orchard,Canice Ejoh,Rick Phillips,27,4,0,0,0,0,0,0,0,0,,,,,SP,44,15,2
2024-06-07,20240607BARLON1,BAR,LON,R,2024,20240607BARLON1-27,Byron Reichstein,Frank Garces,L,L,field_out,Byron Reichstein putout (f2) for out number 3,hit_into_play,X,2,popup,2,2,2,4,Bot,UN,,,0,23.832236842105264,35.56686930091188,42.813288880514044,1,Unknown,,,,Hayden Jaco,Nolan Machibroda,Kyle Maves,Adam Odd,Carson Burns,Zac Orchard,Canice Ejoh,Rick Phillips,27,5,0,0,0,0,0,0,0,0,,,,,SP,45,15,2
2024-06-07,20240607BARLON1,BAR,LON,R,2024,20240607BARLON1-28,Ryan Rijo,Jose Arias,L,R,field_out,Ryan Rijo putout (fly out to the first baseman) for out number 1,hit_into_play,X,,,0,0,0,5,Top,,,,,,,,,,,,,Eduardo De Oleo,Kaiden Cardoso,Gibson Krzeminski,Victor Plaz,Tommy Reyes-Cruz,Starling Joseph,Champ Garner,Byron Reichstein,28,1,0,0,0,0,0,0,0,0,,,,,SP,39,13,2
2024-06-07,20240607BARLON1,BAR,LON,R,2024,20240607BARLON1-29,Hayden Jaco,Jose Arias,R,R,,Hayden Jaco putout (6-3) for out number 2,ball,B,,,0,0,1,5,Top,,,,,,,,,,,,,Eduardo De Oleo,Kaiden Cardoso,Gibson Krzeminski,Victor Plaz,Tommy Reyes-Cruz,Starling Joseph,Champ Garner,Byron Reichstein,29,1,0,0,0,0,0,0,0,0,,,,,SP,40,14,2
2024-06-07,20240607BARLON1,BAR,LON,R,2024,20240607BARLON1-29,Hayden Jaco,Jose Arias,R,R,,Hayden Jaco putout (6-3) for out number 2,called_strike,S,,,1,0,1,5,Top,,,,,,,,,,,,,Eduardo De Oleo,Kaiden Cardoso,Gibson Krzeminski,Victor Plaz,Tommy Reyes-Cruz,Starling Joseph,Champ Garner,Byron Reichstein,29,2,0,0,0,0,0,0,0,0,,,,,SP,41,14,2
2024-06-07,20240607BARLON1,BAR,LON,R,2024,20240607BARLON1-29,Hayden Jaco,Jose Arias,R,R,,Hayden Jaco putout (6-3) for out number 2,ball,B,,,1,1,1,5,Top,,,,,,,,,,,,,Eduardo De Oleo,Kaiden Cardoso,Gibson Krzeminski,Victor Plaz,Tommy Reyes-Cruz,Starling Joseph,Champ Garner,Byron Reichstein,29,3,0,0,0,0,0,0,0,0,,,,,SP,42,14,2
2024-06-07,20240607BARLON1,BAR,LON,R,2024,20240607BARLON1-29,Hayden Jaco,Jose Arias,R,R,,Hayden Jaco putout (6-3) for out number 2,ball,B,,,2,1,1,5,Top,,,,,,,,,,,,,Eduardo De Oleo,Kaiden Cardoso,Gibson Krzeminski,Victor Plaz,Tommy Reyes-Cruz,Starling Joseph,Champ Garner,Byron Reichstein,29,4,0,0,0,0,0,0,0,0,,,,,SP,43,14,2
2024-06-07,20240607BARLON1,BAR,LON,R,2024,20240607BARLON1-29,Hayden Jaco,Jose Arias,R,R,field_out,Hayden Jaco putout (6-3) for out number 2,hit_into_play,X,,,3,1,1,5,Top,,,,,,,,,,,,,Eduardo De Oleo,Kaiden Cardoso,Gibson Krzeminski,Victor Plaz,Tommy Reyes-Cruz,Starling Joseph,Champ Garner,Byron Reichstein,29,5,0,0,0,0,0,0,0,0,,,,,SP,44,14,2
2024-06-07,20240607BARLON1,BAR,LON,R,2024,20240607BARLON1-30,Nolan Machibroda,Jose Arias,L,R,,Nolan Machibroda putout (G3) for out number 3,ball,B,,,0,0,2,5,Top,,,,,,,,,,,,,Eduardo De Oleo,Kaiden Cardoso,Gibson Krzeminski,Victor Plaz,Tommy Reyes-Cruz,Starling Joseph,Champ Garner,Byron Reichstein,30,1,0,0,0,0,0,0,0,0,,,,,SP,45,15,2
2024-06-07,20240607BARLON1,BAR,LON,R,2024,20240607BARLON1-30,Nolan Machibroda,Jose Arias,L,R,,Nolan Machibroda putout (G3) for out number 3,called_strike,S,,,1,0,2,5,Top,,,,,,,,,,,,,Eduardo De Oleo,Kaiden Cardoso,Gibson Krzeminski,Victor Plaz,Tommy Reyes-Cruz,Starling Joseph,Champ Garner,Byron Reichstein,30,2,0,0,0,0,0,0,0,0,,,,,SP,46,15,2
2024-06-07,20240607BARLON1,BAR,LON,R,2024,20240607BARLON1-30,Nolan Machibroda,Jose Arias,L,R,,Nolan Machibroda putout (G3) for out number 3,foul,S,,,1,1,2,5,Top,,,,,,,,,,,,,Eduardo De Oleo,Kaiden Cardoso,Gibson Krzeminski,Victor Plaz,Tommy Reyes-Cruz,Starling Joseph,Champ Garner,Byron Reichstein,30,3,0,0,0,0,0,0,0,0,,,,,SP,47,15,2
2024-06-07,20240607BARLON1,BAR,LON,R,2024,20240607BARLON1-30,Nolan Machibroda,Jose Arias,L,R,,Nolan Machibroda putout (G3) for out number 3,ball,B,,,1,2,2,5,Top,,,,,,,,,,,,,Eduardo De Oleo,Kaiden Cardoso,Gibson Krzeminski,Victor Plaz,Tommy Reyes-Cruz,Starling Joseph,Champ Garner,Byron Reichstein,30,4,0,0,0,0,0,0,0,0,,,,,SP,48,15,2
2024-06-07,20240607BARLON1,BAR,LON,R,2024,20240607BARLON1-30,Nolan Machibroda,Jose Arias,L,R,field_out,Nolan Machibroda putout (G3) for out number 3,hit_into_play,X,,,2,2,2,5,Top,,,,,,,,,,,,,Eduardo De Oleo,Kaiden Cardoso,Gibson Krzeminski,Victor Plaz,Tommy Reyes-Cruz,Starling Joseph,Champ Garner,Byron Reichstein,30,5,0,0,0,0,0,0,0,0,,,,,SP,49,15,2
2024-06-07,20240607BARLON1,BAR,LON,R,2024,20240607BARLON1-31,Victor Plaz,Frank Garces,R,L,,Victor Plaz putout (fly out to right field) for out number 1,foul,S,,NA,0,0,0,5,Bot,UN,,,0,,,,,Unknown,,,,Hayden Jaco,Nolan Machibroda,Kyle Maves,Adam Odd,Carson Burns,Zac Orchard,Canice Ejoh,Rick Phillips,31,1,0,0,0,0,0,0,0,0,,,,,SP,46,16,2
2024-06-07,20240607BARLON1,BAR,LON,R,2024,20240607BARLON1-31,Victor Plaz,Frank Garces,R,L,,Victor Plaz putout (fly out to right field) for out number 1,foul,S,,NA,0,1,0,5,Bot,UN,,,0,,,,,Unknown,,,,Hayden Jaco,Nolan Machibroda,Kyle Maves,Adam Odd,Carson Burns,Zac Orchard,Canice Ejoh,Rick Phillips,31,2,0,0,0,0,0,0,0,0,,,,,SP,47,16,2
2024-06-07,20240607BARLON1,BAR,LON,R,2024,20240607BARLON1-31,Victor Plaz,Frank Garces,R,L,field_out,Victor Plaz putout (fly out to right field) for out number 1,hit_into_play,X,9,fly_ball,0,2,0,5,Bot,UN,,,0,128.04276315789474,209.49392097264442,245.52525760418482,3,Unknown,,,,Hayden Jaco,Nolan Machibroda,Kyle Maves,Adam Odd,Carson Burns,Zac Orchard,Canice Ejoh,Rick Phillips,31,3,0,0,0,0,0,0,0,0,,,,,SP,48,16,2
2024-06-07,20240607BARLON1,BAR,LON,R,2024,20240607BARLON1-32,Gibson Krzeminski,Frank Garces,R,L,,Gibson Krzeminski putout (4-3) for out number 2,called_strike,S,,NA,0,0,1,5,Bot,UN,,,0,,,,,Unknown,,,,Hayden Jaco,Nolan Machibroda,Kyle Maves,Adam Odd,Carson Burns,Zac Orchard,Canice Ejoh,Rick Phillips,32,1,0,0,0,0,0,0,0,0,,,,,SP,49,17,2
2024-06-07,20240607BARLON1,BAR,LON,R,2024,20240607BARLON1-32,Gibson Krzeminski,Frank Garces,R,L,,Gibson Krzeminski putout (4-3) for out number 2,called_strike,S,,NA,0,1,1,5,Bot,UN,,,0,,,,,Unknown,,,,Hayden Jaco,Nolan Machibroda,Kyle Maves,Adam Odd,Carson Burns,Zac Orchard,Canice Ejoh,Rick Phillips,32,2,0,0,0,0,0,0,0,0,,,,,SP,50,17,2
2024-06-07,20240607BARLON1,BAR,LON,R,2024,20240607BARLON1-32,Gibson Krzeminski,Frank Garces,R,L,,Gibson Krzeminski putout (4-3) for out number 2,foul,S,,NA,0,2,1,5,Bot,UN,,,0,,,,,Unknown,,,,Hayden Jaco,Nolan Machibroda,Kyle Maves,Adam Odd,Carson Burns,Zac Orchard,Canice Ejoh,Rick Phillips,32,3,0,0,0,0,0,0,0,0,,,,,SP,51,17,2
2024-06-07,20240607BARLON1,BAR,LON,R,2024,20240607BARLON1-32,Gibson Krzeminski,Frank Garces,R,L,field_out,Gibson Krzeminski putout (4-3) for out number 2,hit_into_play,X,4,ground_ball,0,2,1,5,Bot,UN,,,0,39.621710526315795,127.64589665653499,133.65386218991944,2,Unknown,,,,Hayden Jaco,Nolan Machibroda,Kyle Maves,Adam Odd,Carson Burns,Zac Orchard,Canice Ejoh,Rick Phillips,32,4,0,0,0,0,0,0,0,0,,,,,SP,52,17,2
2024-06-07,20240607BARLON1,BAR,LON,R,2024,20240607BARLON1-33,Tristan Osika,Frank Garces,R,L,,Tristan Osika putout (4-3) for out number 3,called_strike,S,,NA,0,0,2,5,Bot,UN,,,0,,,,,Unknown,,,,Hayden Jaco,Nolan Machibroda,Kyle Maves,Adam Odd,Carson Burns,Zac Orchard,Canice Ejoh,Rick Phillips,33,1,0,0,0,0,0,0,0,0,,,,,SP,53,18,2
2024-06-07,20240607BARLON1,BAR,LON,R,2024,20240607BARLON1-33,Tristan Osika,Frank Garces,R,L,,Tristan Osika putout (4-3) for out number 3,foul,S,,NA,0,1,2,5,Bot,UN,,,0,,,,,Unknown,,,,Hayden Jaco,Nolan Machibroda,Kyle Maves,Adam Odd,Carson Burns,Zac Orchard,Canice Ejoh,Rick Phillips,33,2,0,0,0,0,0,0,0,0,,,,,SP,54,18,2
2024-06-07,20240607BARLON1,BAR,LON,R,2024,20240607BARLON1-33,Tristan Osika,Frank Garces,R,L,,Tristan Osika putout (4-3) for out number 3,foul,S,,NA,0,2,2,5,Bot,UN,,,0,,,,,Unknown,,,,Hayden Jaco,Nolan Machibroda,Kyle Maves,Adam Odd,Carson Burns,Zac Orchard,Canice Ejoh,Rick Phillips,33,3,0,0,0,0,0,0,0,0,,,,,SP,55,18,2
2024-06-07,20240607BARLON1,BAR,LON,R,2024,20240607BARLON1-33,Tristan Osika,Frank Garces,R,L,,Tristan Osika putout (4-3) for out number 3,ball,B,,NA,0,2,2,5,Bot,UN,,,0,,,,,Unknown,,,,Hayden Jaco,Nolan Machibroda,Kyle Maves,Adam Odd,Carson Burns,Zac Orchard,Canice Ejoh,Rick Phillips,33,4,0,0,0,0,0,0,0,0,,,,,SP,56,18,2
2024-06-07,20240607BARLON1,BAR,LON,R,2024,20240607BARLON1-33,Tristan Osika,Frank Garces,R,L,field_out,Tristan Osika putout (4-3) for out number 3,hit_into_play,X,4,ground_ball,1,2,2,5,Bot,UN,,,0,44.35855263157895,125.94072948328271,133.52433686167458,2,Unknown,,,,Hayden Jaco,Nolan Machibroda,Kyle Maves,Adam Odd,Carson Burns,Zac Orchard,Canice Ejoh,Rick Phillips,33,5,0,0,0,0,0,0,0,0,,,,,SP,57,18,2
2024-06-07,20240607BARLON1,BAR,LON,R,2024,20240607BARLON1-34,Rick Phillips,Jose Arias,R,R,,Rick Phillips putout (strike out) for out number 1,called_strike,S,,,0,0,0,6,Top,,,,,,,,,,,,,Eduardo De Oleo,Kaiden Cardoso,Gibson Krzeminski,Victor Plaz,Tommy Reyes-Cruz,Starling Joseph,Champ Garner,Byron Reichstein,34,1,0,0,0,0,0,0,0,0,,,,,SP,50,16,2
2024-06-07,20240607BARLON1,BAR,LON,R,2024,20240607BARLON1-34,Rick Phillips,Jose Arias,R,R,,Rick Phillips putout (strike out) for out number 1,foul,S,,,0,1,0,6,Top,,,,,,,,,,,,,Eduardo De Oleo,Kaiden Cardoso,Gibson Krzeminski,Victor Plaz,Tommy Reyes-Cruz,Starling Joseph,Champ Garner,Byron Reichstein,34,2,0,0,0,0,0,0,0,0,,,,,SP,51,16,2
2024-06-07,20240607BARLON1,BAR,LON,R,2024,20240607BARLON1-34,Rick Phillips,Jose Arias,R,R,strikeout,Rick Phillips putout (strike out) for out number 1,called_strike,S,,,0,2,0,6,Top,,,,,,,,,,,,,Eduardo De Oleo,Kaiden Cardoso,Gibson Krzeminski,Victor Plaz,Tommy Reyes-Cruz,Starling Joseph,Champ Garner,Byron Reichstein,34,3,0,0,0,0,0,0,0,0,,,,,SP,52,16,2
2024-06-07,20240607BARLON1,BAR,LON,R,2024,20240607BARLON1-35,Zachary Orchard,Jose Arias,R,R,,Zac Orchard advances to 1st (walk),called_strike,S,,,0,0,1,6,Top,,,,,,,,,,,,,Eduardo De Oleo,Kaiden Cardoso,Gibson Krzeminski,Victor Plaz,Tommy Reyes-Cruz,Starling Joseph,Champ Garner,Byron Reichstein,35,1,0,0,0,0,0,0,0,0,,,,,SP,53,17,2
2024-06-07,20240607BARLON1,BAR,LON,R,2024,20240607BARLON1-35,Zachary Orchard,Jose Arias,R,R,,Zac Orchard advances to 1st (walk),ball,B,,,0,1,1,6,Top,,,,,,,,,,,,,Eduardo De Oleo,Kaiden Cardoso,Gibson Krzeminski,Victor Plaz,Tommy Reyes-Cruz,Starling Joseph,Champ Garner,Byron Reichstein,35,2,0,0,0,0,0,0,0,0,,,,,SP,54,17,2
2024-06-07,20240607BARLON1,BAR,LON,R,2024,20240607BARLON1-35,Zachary Orchard,Jose Arias,R,R,,Zac Orchard advances to 1st (walk),ball,B,,,1,1,1,6,Top,,,,,,,,,,,,,Eduardo De Oleo,Kaiden Cardoso,Gibson Krzeminski,Victor Plaz,Tommy Reyes-Cruz,Starling Joseph,Champ Garner,Byron Reichstein,35,3,0,0,0,0,0,0,0,0,,,,,SP,55,17,2
2024-06-07,20240607BARLON1,BAR,LON,R,2024,20240607BARLON1-35,Zachary Orchard,Jose Arias,R,R,,Zac Orchard advances to 1st (walk),ball,B,,,2,1,1,6,Top,,,,,,,,,,,,,Eduardo De Oleo,Kaiden Cardoso,Gibson Krzeminski,Victor Plaz,Tommy Reyes-Cruz,Starling Joseph,Champ Garner,Byron Reichstein,35,4,0,0,0,0,0,0,0,0,,,,,SP,56,17,2
2024-06-07,20240607BARLON1,BAR,LON,R,2024,20240607BARLON1-35,Zachary Orchard,Jose Arias,R,R,walk,Zac Orchard advances to 1st (walk),ball,B,,,3,1,1,6,Top,,,,,,,,,,,,,Eduardo De Oleo,Kaiden Cardoso,Gibson Krzeminski,Victor Plaz,Tommy Reyes-Cruz,Starling Joseph,Champ Garner,Byron Reichstein,35,5,0,0,0,0,0,0,0,0,,,,,SP,57,17,2
2024-06-07,20240607BARLON1,BAR,LON,R,2024,20240607BARLON1-36,Carson Burns,Jose Arias,L,R,passed_ball,"Zac Orchard advances to 2nd (pass ball), Carson Burns advances to 1st (walk)",ball,B,,,0,0,1,6,Top,,,,,,,,,,,,Zac Orchard,Eduardo De Oleo,Kaiden Cardoso,Gibson Krzeminski,Victor Plaz,Tommy Reyes-Cruz,Starling Joseph,Champ Garner,Byron Reichstein,36,1,0,0,0,0,0,0,0,0,,,,,SP,58,18,2
2024-06-07,20240607BARLON1,BAR,LON,R,2024,20240607BARLON1-36,Carson Burns,Jose Arias,L,R,,"Zac Orchard advances to 2nd (pass ball), Carson Burns advances to 1st (walk)",ball,B,,,1,0,1,6,Top,,,,,,,,,,,Zac Orchard,,Eduardo De Oleo,Kaiden Cardoso,Gibson Krzeminski,Victor Plaz,Tommy Reyes-Cruz,Starling Joseph,Champ Garner,Byron Reichstein,36,3,0,0,0,0,0,0,0,0,,,,,SP,59,18,2
2024-06-07,20240607BARLON1,BAR,LON,R,2024,20240607BARLON1-36,Carson Burns,Jose Arias,L,R,,"Zac Orchard advances to 2nd (pass ball), Carson Burns advances to 1st (walk)",ball,B,,,2,0,1,6,Top,,,,,,,,,,,Zac Orchard,,Eduardo De Oleo,Kaiden Cardoso,Gibson Krzeminski,Victor Plaz,Tommy Reyes-Cruz,Starling Joseph,Champ Garner,Byron Reichstein,36,4,0,0,0,0,0,0,0,0,,,,,SP,60,18,2
2024-06-07,20240607BARLON1,BAR,LON,R,2024,20240607BARLON1-36,Carson Burns,Jose Arias,L,R,,"Zac Orchard advances to 2nd (pass ball), Carson Burns advances to 1st (walk)",called_strike,S,,,3,0,1,6,Top,,,,,,,,,,,Zac Orchard,,Eduardo De Oleo,Kaiden Cardoso,Gibson Krzeminski,Victor Plaz,Tommy Reyes-Cruz,Starling Joseph,Champ Garner,Byron Reichstein,36,5,0,0,0,0,0,0,0,0,,,,,SP,61,18,2
2024-06-07,20240607BARLON1,BAR,LON,R,2024,20240607BARLON1-36,Carson Burns,Jose Arias,L,R,,"Zac Orchard advances to 2nd (pass ball), Carson Burns advances to 1st (walk)",foul,S,,,3,1,1,6,Top,,,,,,,,,,,Zac Orchard,,Eduardo De Oleo,Kaiden Cardoso,Gibson Krzeminski,Victor Plaz,Tommy Reyes-Cruz,Starling Joseph,Champ Garner,Byron Reichstein,36,6,0,0,0,0,0,0,0,0,,,,,SP,62,18,2
2024-06-07,20240607BARLON1,BAR,LON,R,2024,20240607BARLON1-36,Carson Burns,Jose Arias,L,R,walk,"Zac Orchard advances to 2nd (pass ball), Carson Burns advances to 1st (walk)",ball,B,,,3,2,1,6,Top,,,,,,,,,,,Zac Orchard,,Eduardo De Oleo,Kaiden Cardoso,Gibson Krzeminski,Victor Plaz,Tommy Reyes-Cruz,Starling Joseph,Champ Garner,Byron Reichstein,36,7,0,0,0,0,0,0,0,0,,,,,SP,63,18,2
2024-06-07,20240607BARLON1,BAR,LON,R,2024,20240607BARLON1-37,Canice Ejoh,Jose Arias,R,R,,"Canice Ejoh advances to 1st (walk), Carson Burns advances to 2nd, Zac Orchard advances to 3rd",called_strike,S,,,0,0,1,6,Top,,,,,,,,,,,Zac Orchard,Carson Burns,Eduardo De Oleo,Kaiden Cardoso,Gibson Krzeminski,Victor Plaz,Tommy Reyes-Cruz,Starling Joseph,Champ Garner,Byron Reichstein,37,1,0,0,0,0,0,0,0,0,,,,,SP,64,19,3
2024-06-07,20240607BARLON1,BAR,LON,R,2024,20240607BARLON1-37,Canice Ejoh,Jose Arias,R,R,,"Canice Ejoh advances to 1st (walk), Carson Burns advances to 2nd, Zac Orchard advances to 3rd",called_strike,S,,,0,1,1,6,Top,,,,,,,,,,,Zac Orchard,Carson Burns,Eduardo De Oleo,Kaiden Cardoso,Gibson Krzeminski,Victor Plaz,Tommy Reyes-Cruz,Starling Joseph,Champ Garner,Byron Reichstein,37,2,0,0,0,0,0,0,0,0,,,,,SP,65,19,3
2024-06-07,20240607BARLON1,BAR,LON,R,2024,20240607BARLON1-37,Canice Ejoh,Jose Arias,R,R,,"Canice Ejoh advances to 1st (walk), Carson Burns advances to 2nd, Zac Orchard advances to 3rd",ball,B,,,0,2,1,6,Top,,,,,,,,,,,Zac Orchard,Carson Burns,Eduardo De Oleo,Kaiden Cardoso,Gibson Krzeminski,Victor Plaz,Tommy Reyes-Cruz,Starling Joseph,Champ Garner,Byron Reichstein,37,3,0,0,0,0,0,0,0,0,,,,,SP,66,19,3
2024-06-07,20240607BARLON1,BAR,LON,R,2024,20240607BARLON1-37,Canice Ejoh,Jose Arias,R,R,,"Canice Ejoh advances to 1st (walk), Carson Burns advances to 2nd, Zac Orchard advances to 3rd",ball,B,,,1,2,1,6,Top,,,,,,,,,,,Zac Orchard,Carson Burns,Eduardo De Oleo,Kaiden Cardoso,Gibson Krzeminski,Victor Plaz,Tommy Reyes-Cruz,Starling Joseph,Champ Garner,Byron Reichstein,37,4,0,0,0,0,0,0,0,0,,,,,SP,67,19,3
2024-06-07,20240607BARLON1,BAR,LON,R,2024,20240607BARLON1-37,Canice Ejoh,Jose Arias,R,R,,"Canice Ejoh advances to 1st (walk), Carson Burns advances to 2nd, Zac Orchard advances to 3rd",ball,B,,,2,2,1,6,Top,,,,,,,,,,,Zac Orchard,Carson Burns,Eduardo De Oleo,Kaiden Cardoso,Gibson Krzeminski,Victor Plaz,Tommy Reyes-Cruz,Starling Joseph,Champ Garner,Byron Reichstein,37,5,0,0,0,0,0,0,0,0,,,,,SP,68,19,3
2024-06-07,20240607BARLON1,BAR,LON,R,2024,20240607BARLON1-37,Canice Ejoh,Jose Arias,R,R,,"Canice Ejoh advances to 1st (walk), Carson Burns advances to 2nd, Zac Orchard advances to 3rd",foul,S,,,3,2,1,6,Top,,,,,,,,,,,Zac Orchard,Carson Burns,Eduardo De Oleo,Kaiden Cardoso,Gibson Krzeminski,Victor Plaz,Tommy Reyes-Cruz,Starling Joseph,Champ Garner,Byron Reichstein,37,6,0,0,0,0,0,0,0,0,,,,,SP,69,19,3
2024-06-07,20240607BARLON1,BAR,LON,R,2024,20240607BARLON1-37,Canice Ejoh,Jose Arias,R,R,walk,"Canice Ejoh advances to 1st (walk), Carson Burns advances to 2nd, Zac Orchard advances to 3rd",ball,B,,,3,2,1,6,Top,,,,,,,,,,,Zac Orchard,Carson Burns,Eduardo De Oleo,Kaiden Cardoso,Gibson Krzeminski,Victor Plaz,Tommy Reyes-Cruz,Starling Joseph,Champ Garner,Byron Reichstein,37,7,0,0,0,0,0,0,0,0,,,,,SP,70,19,3
2024-06-07,20240607BARLON1,BAR,LON,R,2024,20240607BARLON1-38,Kyle Maves,Jose Arias,L,R,,Kyle Maves putout (strike out swinging) for out number 2,swinging_strike,S,,,0,0,1,6,Top,,,,,,,,,,Zac Orchard,Carson Burns,Canice Ejoh,Eduardo De Oleo,Kaiden Cardoso,Gibson Krzeminski,Victor Plaz,Tommy Reyes-Cruz,Starling Joseph,Champ Garner,Byron Reichstein,38,1,0,0,0,0,0,0,0,0,,,,,SP,71,20,3
2024-06-07,20240607BARLON1,BAR,LON,R,2024,20240607BARLON1-38,Kyle Maves,Jose Arias,L,R,,Kyle Maves putout (strike out swinging) for out number 2,ball,B,,,0,1,1,6,Top,,,,,,,,,,Zac Orchard,Carson Burns,Canice Ejoh,Eduardo De Oleo,Kaiden Cardoso,Gibson Krzeminski,Victor Plaz,Tommy Reyes-Cruz,Starling Joseph,Champ Garner,Byron Reichstein,38,2,0,0,0,0,0,0,0,0,,,,,SP,72,20,3
2024-06-07,20240607BARLON1,BAR,LON,R,2024,20240607BARLON1-38,Kyle Maves,Jose Arias,L,R,,Kyle Maves putout (strike out swinging) for out number 2,swinging_strike,S,,,1,1,1,6,Top,,,,,,,,,,Zac Orchard,Carson Burns,Canice Ejoh,Eduardo De Oleo,Kaiden Cardoso,Gibson Krzeminski,Victor Plaz,Tommy Reyes-Cruz,Starling Joseph,Champ Garner,Byron Reichstein,38,3,0,0,0,0,0,0,0,0,,,,,SP,73,20,3
2024-06-07,20240607BARLON1,BAR,LON,R,2024,20240607BARLON1-38,Kyle Maves,Jose Arias,L,R,,Kyle Maves putout (strike out swinging) for out number 2,ball,B,,,1,2,1,6,Top,,,,,,,,,,Zac Orchard,Carson Burns,Canice Ejoh,Eduardo De Oleo,Kaiden Cardoso,Gibson Krzeminski,Victor Plaz,Tommy Reyes-Cruz,Starling Joseph,Champ Garner,Byron Reichstein,38,4,0,0,0,0,0,0,0,0,,,,,SP,74,20,3
2024-06-07,20240607BARLON1,BAR,LON,R,2024,20240607BARLON1-38,Kyle Maves,Jose Arias,L,R,,Kyle Maves putout (strike out swinging) for out number 2,ball,B,,,2,2,1,6,Top,,,,,,,,,,Zac Orchard,Carson Burns,Canice Ejoh,Eduardo De Oleo,Kaiden Cardoso,Gibson Krzeminski,Victor Plaz,Tommy Reyes-Cruz,Starling Joseph,Champ Garner,Byron Reichstein,38,5,0,0,0,0,0,0,0,0,,,,,SP,75,20,3
2024-06-07,20240607BARLON1,BAR,LON,R,2024,20240607BARLON1-38,Kyle Maves,Jose Arias,L,R,,Kyle Maves putout (strike out swinging) for out number 2,foul,S,,,3,2,1,6,Top,,,,,,,,,,Zac Orchard,Carson Burns,Canice Ejoh,Eduardo De Oleo,Kaiden Cardoso,Gibson Krzeminski,Victor Plaz,Tommy Reyes-Cruz,Starling Joseph,Champ Garner,Byron Reichstein,38,6,0,0,0,0,0,0,0,0,,,,,SP,76,20,3
2024-06-07,20240607BARLON1,BAR,LON,R,2024,20240607BARLON1-38,Kyle Maves,Jose Arias,L,R,,Kyle Maves putout (strike out swinging) for out number 2,foul,S,,,3,2,1,6,Top,,,,,,,,,,Zac Orchard,Carson Burns,Canice Ejoh,Eduardo De Oleo,Kaiden Cardoso,Gibson Krzeminski,Victor Plaz,Tommy Reyes-Cruz,Starling Joseph,Champ Garner,Byron Reichstein,38,7,0,0,0,0,0,0,0,0,,,,,SP,77,20,3
2024-06-07,20240607BARLON1,BAR,LON,R,2024,20240607BARLON1-38,Kyle Maves,Jose Arias,L,R,strikeout,Kyle Maves putout (strike out swinging) for out number 2,swinging_strike,S,,,3,2,1,6,Top,,,,,,,,,,Zac Orchard,Carson Burns,Canice Ejoh,Eduardo De Oleo,Kaiden Cardoso,Gibson Krzeminski,Victor Plaz,Tommy Reyes-Cruz,Starling Joseph,Champ Garner,Byron Reichstein,38,8,0,0,0,0,0,0,0,0,,,,,SP,78,20,3
2024-06-07,20240607BARLON1,BAR,LON,R,2024,20240607BARLON1-39,Adam Odd,Jose Arias,L,R,,"Adam Odd advances to 2nd (double), Canice Ejoh Scores Earned, Zac Orchard Scores Earned, Carson Burns Scores Earned",swinging_strike,S,,,0,0,2,6,Top,,,,,,,,,,Zac Orchard,Carson Burns,Canice Ejoh,Eduardo De Oleo,Kaiden Cardoso,Gibson Krzeminski,Victor Plaz,Tommy Reyes-Cruz,Starling Joseph,Champ Garner,Byron Reichstein,39,1,0,0,0,0,3,0,3,0,,,,,SP,79,21,3
2024-06-07,20240607BARLON1,BAR,LON,R,2024,20240607BARLON1-39,Adam Odd,Jose Arias,L,R,,"Adam Odd advances to 2nd (double), Canice Ejoh Scores Earned, Zac Orchard Scores Earned, Carson Burns Scores Earned",swinging_strike,S,,,0,1,2,6,Top,,,,,,,,,,Zac Orchard,Carson Burns,Canice Ejoh,Eduardo De Oleo,Kaiden Cardoso,Gibson Krzeminski,Victor Plaz,Tommy Reyes-Cruz,Starling Joseph,Champ Garner,Byron Reichstein,39,2,0,0,0,0,3,0,3,0,,,,,SP,80,21,3
2024-06-07,20240607BARLON1,BAR,LON,R,2024,20240607BARLON1-39,Adam Odd,Jose Arias,L,R,double,"Adam Odd advances to 2nd (double), Canice Ejoh Scores Earned, Zac Orchard Scores Earned, Carson Burns Scores Earned",hit_into_play,X,,,0,2,2,6,Top,,,,,,,,,,Zac Orchard,Carson Burns,Canice Ejoh,Eduardo De Oleo,Kaiden Cardoso,Gibson Krzeminski,Victor Plaz,Tommy Reyes-Cruz,Starling Joseph,Champ Garner,Byron Reichstein,39,3,0,0,0,0,3,0,3,0,,,,,SP,81,21,3
2024-06-07,20240607BARLON1,BAR,LON,R,2024,20240607BARLON1-40,Ryan Rijo,Jose Arias,L,R,,Ryan Rijo putout (1-3) for out number 3,swinging_strike,S,,,0,0,2,6,Top,,,,,,,,,,,Adam Odd,,Eduardo De Oleo,Kaiden Cardoso,Gibson Krzeminski,Victor Plaz,Tommy Reyes-Cruz,Starling Joseph,Champ Garner,Byron Reichstein,40,1,3,0,3,0,3,0,3,0,,,,,SP,82,22,3
2024-06-07,20240607BARLON1,BAR,LON,R,2024,20240607BARLON1-40,Ryan Rijo,Jose Arias,L,R,,Ryan Rijo putout (1-3) for out number 3,swinging_strike,S,,,0,1,2,6,Top,,,,,,,,,,,Adam Odd,,Eduardo De Oleo,Kaiden Cardoso,Gibson Krzeminski,Victor Plaz,Tommy Reyes-Cruz,Starling Joseph,Champ Garner,Byron Reichstein,40,2,3,0,3,0,3,0,3,0,,,,,SP,83,22,3
2024-06-07,20240607BARLON1,BAR,LON,R,2024,20240607BARLON1-40,Ryan Rijo,Jose Arias,L,R,field_out,Ryan Rijo putout (1-3) for out number 3,hit_into_play,X,,,0,2,2,6,Top,,,,,,,,,,,Adam Odd,,Eduardo De Oleo,Kaiden Cardoso,Gibson Krzeminski,Victor Plaz,Tommy Reyes-Cruz,Starling Joseph,Champ Garner,Byron Reichstein,40,3,3,0,3,0,3,0,3,0,,,,,SP,84,22,3
2024-06-07,20240607BARLON1,BAR,LON,R,2024,20240607BARLON1-41,Champ Garner,Frank Garces,R,L,,Champ Garner putout (6-3) for out number 1,swinging_strike,S,,NA,0,0,0,6,Bot,UN,,,0,,,,,Unknown,,,,Hayden Jaco,Nolan Machibroda,Kyle Maves,Adam Odd,Carson Burns,Zac Orchard,Canice Ejoh,Rick Phillips,41,1,3,0,0,3,3,0,0,3,,,,,SP,58,19,3
2024-06-07,20240607BARLON1,BAR,LON,R,2024,20240607BARLON1-41,Champ Garner,Frank Garces,R,L,,Champ Garner putout (6-3) for out number 1,ball,B,,NA,0,1,0,6,Bot,UN,,,0,,,,,Unknown,,,,Hayden Jaco,Nolan Machibroda,Kyle Maves,Adam Odd,Carson Burns,Zac Orchard,Canice Ejoh,Rick Phillips,41,2,3,0,0,3,3,0,0,3,,,,,SP,59,19,3
2024-06-07,20240607BARLON1,BAR,LON,R,2024,20240607BARLON1-41,Champ Garner,Frank Garces,R,L,,Champ Garner putout (6-3) for out number 1,swinging_strike,S,,NA,1,1,0,6,Bot,UN,,,0,,,,,Unknown,,,,Hayden Jaco,Nolan Machibroda,Kyle Maves,Adam Odd,Carson Burns,Zac Orchard,Canice Ejoh,Rick Phillips,41,3,3,0,0,3,3,0,0,3,,,,,SP,60,19,3
2024-06-07,20240607BARLON1,BAR,LON,R,2024,20240607BARLON1-41,Champ Garner,Frank Garces,R,L,,Champ Garner putout (6-3) for out number 1,ball,B,,NA,1,2,0,6,Bot,UN,,,0,,,,,Unknown,,,,Hayden Jaco,Nolan Machibroda,Kyle Maves,Adam Odd,Carson Burns,Zac Orchard,Canice Ejoh,Rick Phillips,41,4,3,0,0,3,3,0,0,3,,,,,SP,61,19,3
2024-06-07,20240607BARLON1,BAR,LON,R,2024,20240607BARLON1-41,Champ Garner,Frank Garces,R,L,field_out,Champ Garner putout (6-3) for out number 1,hit_into_play,X,6,ground_ball,2,2,0,6,Bot,UN,,,0,-39.32565789,125.94072948328271,131.9377683289939,2,Unknown,,,,Hayden Jaco,Nolan Machibroda,Kyle Maves,Adam Odd,Carson Burns,Zac Orchard,Canice Ejoh,Rick Phillips,41,5,3,0,0,3,3,0,0,3,,,,,SP,62,19,3
2024-06-07,20240607BARLON1,BAR,LON,R,2024,20240607BARLON1-42,Tommy Reyes-Cruz,Frank Garces,L,L,field_out,Tommy Reyes-Cruz putout (G3) for out number 2,hit_into_play,X,3,ground_ball,0,0,1,6,Bot,UN,,,0,61.72697368421053,103.77355623100307,120.74423486461113,2,Unknown,,,,Hayden Jaco,Nolan Machibroda,Kyle Maves,Adam Odd,Carson Burns,Zac Orchard,Canice Ejoh,Rick Phillips,42,1,3,0,0,3,3,0,0,3,,,,,SP,63,20,3
2024-06-07,20240607BARLON1,BAR,LON,R,2024,20240607BARLON1-43,Starling Joseph,Frank Garces,R,L,,Starling Joseph advances to 1st (single),ball,B,,NA,0,0,2,6,Bot,UN,,,0,,,,,Unknown,,,,Hayden Jaco,Nolan Machibroda,Kyle Maves,Adam Odd,Carson Burns,Zac Orchard,Canice Ejoh,Rick Phillips,43,1,3,0,0,3,3,0,0,3,,,,,SP,64,21,3
2024-06-07,20240607BARLON1,BAR,LON,R,2024,20240607BARLON1-43,Starling Joseph,Frank Garces,R,L,,Starling Joseph advances to 1st (single),swinging_strike,S,,NA,1,0,2,6,Bot,UN,,,0,,,,,Unknown,,,,Hayden Jaco,Nolan Machibroda,Kyle Maves,Adam Odd,Carson Burns,Zac Orchard,Canice Ejoh,Rick Phillips,43,2,3,0,0,3,3,0,0,3,,,,,SP,65,21,3
2024-06-07,20240607BARLON1,BAR,LON,R,2024,20240607BARLON1-43,Starling Joseph,Frank Garces,R,L,,Starling Joseph advances to 1st (single),foul,S,,NA,1,1,2,6,Bot,UN,,,0,,,,,Unknown,,,,Hayden Jaco,Nolan Machibroda,Kyle Maves,Adam Odd,Carson Burns,Zac Orchard,Canice Ejoh,Rick Phillips,43,3,3,0,0,3,3,0,0,3,,,,,SP,66,21,3
2024-06-07,20240607BARLON1,BAR,LON,R,2024,20240607BARLON1-43,Starling Joseph,Frank Garces,R,L,,Starling Joseph advances to 1st (single),ball,B,,NA,1,2,2,6,Bot,UN,,,0,,,,,Unknown,,,,Hayden Jaco,Nolan Machibroda,Kyle Maves,Adam Odd,Carson Burns,Zac Orchard,Canice Ejoh,Rick Phillips,43,4,3,0,0,3,3,0,0,3,,,,,SP,67,21,3
2024-06-07,20240607BARLON1,BAR,LON,R,2024,20240607BARLON1-43,Starling Joseph,Frank Garces,R,L,single,Starling Joseph advances to 1st (single),hit_into_play,X,9,line_drive,2,2,2,6,Bot,UN,,,0,115.41118421052632,219.72492401215808,248.19102254719988,4,Unknown,,,,Hayden Jaco,Nolan Machibroda,Kyle Maves,Adam Odd,Carson Burns,Zac Orchard,Canice Ejoh,Rick Phillips,43,5,3,0,0,3,3,0,0,3,,,,,SP,68,21,3
2024-06-07,20240607BARLON1,BAR,LON,R,2024,20240607BARLON1-44,Kaiden Cardoso,Frank Garces,L,L,,Kaiden Cardoso putout (fly out to left field) for out number 3,called_strike,S,,NA,0,0,2,6,Bot,UN,,,0,,,,,Unknown,,,Starling Joseph,Hayden Jaco,Nolan Machibroda,Kyle Maves,Adam Odd,Carson Burns,Zac Orchard,Canice Ejoh,Rick Phillips,44,1,3,0,0,3,3,0,0,3,,,,,SP,69,22,3
2024-06-07,20240607BARLON1,BAR,LON,R,2024,20240607BARLON1-44,Kaiden Cardoso,Frank Garces,L,L,,Kaiden Cardoso putout (fly out to left field) for out number 3,swinging_strike,S,,NA,0,1,2,6,Bot,UN,,,0,,,,,Unknown,,,Starling Joseph,Hayden Jaco,Nolan Machibroda,Kyle Maves,Adam Odd,Carson Burns,Zac Orchard,Canice Ejoh,Rick Phillips,44,2,3,0,0,3,3,0,0,3,,,,,SP,70,22,3
2024-06-07,20240607BARLON1,BAR,LON,R,2024,20240607BARLON1-44,Kaiden Cardoso,Frank Garces,L,L,,Kaiden Cardoso putout (fly out to left field) for out number 3,ball,B,,NA,0,2,2,6,Bot,UN,,,0,,,,,Unknown,,,Starling Joseph,Hayden Jaco,Nolan Machibroda,Kyle Maves,Adam Odd,Carson Burns,Zac Orchard,Canice Ejoh,Rick Phillips,44,3,3,0,0,3,3,0,0,3,,,,,SP,71,22,3
2024-06-07,20240607BARLON1,BAR,LON,R,2024,20240607BARLON1-44,Kaiden Cardoso,Frank Garces,L,L,field_out,Kaiden Cardoso putout (fly out to left field) for out number 3,hit_into_play,X,7,fly_ball,1,2,2,6,Bot,UN,,,0,-121.4309211,291.34194528875383,315.6352288201139,5,Unknown,,,Starling Joseph,Hayden Jaco,Nolan Machibroda,Kyle Maves,Adam Odd,Carson Burns,Zac Orchard,Canice Ejoh,Rick Phillips,44,4,3,0,0,3,3,0,0,3,,,,,SP,72,22,3
2024-06-07,20240607BARLON1,BAR,LON,R,2024,20240607BARLON1-45,Hayden Jaco,Travis Keys,R,L,,Hayden Jaco putout (fly out to left field) for out number 1,swinging_strike,S,,NA,0,0,0,7,Top,FC,-0.120669746,3.3694171701913387,2,,,,,Cutter,,,,Eduardo De Oleo,Kaiden Cardoso,Gibson Krzeminski,Victor Plaz,Tommy Reyes-Cruz,Starling Joseph,Champ Garner,Byron Reichstein,45,1,3,0,3,0,3,0,3,0,,,,,RP,1,1,1
2024-06-07,20240607BARLON1,BAR,LON,R,2024,20240607BARLON1-45,Hayden Jaco,Travis Keys,R,L,field_out,Hayden Jaco putout (fly out to left field) for out number 1,hit_into_play,X,7,fly_ball,0,1,0,7,Top,CU,0.08256351,1.8328235146022145,8,-53.52384868,343.3006042296072,347.4479921,5,Curveball,,,,Eduardo De Oleo,Kaiden Cardoso,Gibson Krzeminski,Victor Plaz,Tommy Reyes-Cruz,Starling Joseph,Champ Garner,Byron Reichstein,45,2,3,0,3,0,3,0,3,0,,,,,RP,2,1,1
2024-06-07,20240607BARLON1,BAR,LON,R,2024,20240607BARLON1-46,Nolan Machibroda,Travis Keys,L,L,,Nolan Machibroda putout (strike out swinging) for out number 2,called_strike,S,,NA,0,0,1,7,Top,FF,-0.959006928,1.9656155589123858,10,,,,,Fastball,,,,Eduardo De Oleo,Kaiden Cardoso,Gibson Krzeminski,Victor Plaz,Tommy Reyes-Cruz,Starling Joseph,Champ Garner,Byron Reichstein,46,1,3,0,3,0,3,0,3,0,,,,,RP,3,2,1
2024-06-07,20240607BARLON1,BAR,LON,R,2024,20240607BARLON1-46,Nolan Machibroda,Travis Keys,L,L,,Nolan Machibroda putout (strike out swinging) for out number 2,foul,S,,NA,0,1,1,7,Top,CU,-0.94630485,1.2257741691842892,10,,,,,Curveball,,,,Eduardo De Oleo,Kaiden Cardoso,Gibson Krzeminski,Victor Plaz,Tommy Reyes-Cruz,Starling Joseph,Champ Garner,Byron Reichstein,46,2,3,0,3,0,3,0,3,0,,,,,RP,4,2,1
2024-06-07,20240607BARLON1,BAR,LON,R,2024,20240607BARLON1-46,Nolan Machibroda,Travis Keys,L,L,,Nolan Machibroda putout (strike out swinging) for out number 2,foul,S,,NA,0,2,1,7,Top,FF,0.7176674364896077,2.743397532729103,6,,,,,Fastball,,,,Eduardo De Oleo,Kaiden Cardoso,Gibson Krzeminski,Victor Plaz,Tommy Reyes-Cruz,Starling Joseph,Champ Garner,Byron Reichstein,46,3,3,0,3,0,3,0,3,0,,,,,RP,5,2,1
2024-06-07,20240607BARLON1,BAR,LON,R,2024,20240607BARLON1-46,Nolan Machibroda,Travis Keys,L,L,strikeout,Nolan Machibroda putout (strike out swinging) for out number 2,swinging_strike,S,2,NA,0,2,1,7,Top,FF,-0.984411085,3.084862789526686,10,,,,,Fastball,,,,Eduardo De Oleo,Kaiden Cardoso,Gibson Krzeminski,Victor Plaz,Tommy Reyes-Cruz,Starling Joseph,Champ Garner,Byron Reichstein,46,4,3,0,3,0,3,0,3,0,,,,,RP,6,2,1
2024-06-07,20240607BARLON1,BAR,LON,R,2024,20240607BARLON1-47,Rick Phillips,Travis Keys,R,L,,Rick Phillips advances to 3rd (triple),foul,S,,NA,0,0,2,7,Top,FC,0.7430715935334876,3.0469222054380656,3,,,,,Cutter,,,,Eduardo De Oleo,Kaiden Cardoso,Gibson Krzeminski,Victor Plaz,Tommy Reyes-Cruz,Starling Joseph,Champ Garner,Byron Reichstein,47,1,3,0,3,0,3,0,3,0,,,,,RP,7,3,1
2024-06-07,20240607BARLON1,BAR,LON,R,2024,20240607BARLON1-47,Rick Phillips,Travis Keys,R,L,triple,Rick Phillips advances to 3rd (triple),hit_into_play,X,9,line_drive,0,1,2,7,Top,FC,0.2349884526558895,2.117377895266867,8,93.31825657894737,346.6903323262839,359.0299201,6,Cutter,,,,Eduardo De Oleo,Kaiden Cardoso,Gibson Krzeminski,Victor Plaz,Tommy Reyes-Cruz,Starling Joseph,Champ Garner,Byron Reichstein,47,2,3,0,3,0,3,0,3,0,,,,,RP,8,3,1
2024-06-07,20240607BARLON1,BAR,LON,R,2024,20240607BARLON1-48,Zachary Orchard,Travis Keys,R,L,,Zac Orchard advances to 1st (walk),ball,B,,NA,0,0,2,7,Top,CU,-0.311200924,0.7894574521651551,12,,,,,Curveball,Rick Phillips,,,Eduardo De Oleo,Kaiden Cardoso,Gibson Krzeminski,Victor Plaz,Tommy Reyes-Cruz,Starling Joseph,Champ Garner,Byron Reichstein,48,1,3,0,3,0,3,0,3,0,,,,,RP,9,4,1
2024-06-07,20240607BARLON1,BAR,LON,R,2024,20240607BARLON1-48,Zachary Orchard,Travis Keys,R,L,,Zac Orchard advances to 1st (walk),ball,B,,NA,1,0,2,7,Top,FF,1.6576212471131642,4.185139728096676,11,,,,,Fastball,Rick Phillips,,,Eduardo De Oleo,Kaiden Cardoso,Gibson Krzeminski,Victor Plaz,Tommy Reyes-Cruz,Starling Joseph,Champ Garner,Byron Reichstein,48,2,3,0,3,0,3,0,3,0,,,,,RP,10,4,1
2024-06-07,20240607BARLON1,BAR,LON,R,2024,20240607BARLON1-48,Zachary Orchard,Travis Keys,R,L,,Zac Orchard advances to 1st (walk),called_strike,S,,NA,2,0,2,7,Top,FF,-0.247690531,1.5862097180261823,8,,,,,Fastball,Rick Phillips,,,Eduardo De Oleo,Kaiden Cardoso,Gibson Krzeminski,Victor Plaz,Tommy Reyes-Cruz,Starling Joseph,Champ Garner,Byron Reichstein,48,3,3,0,3,0,3,0,3,0,,,,,RP,11,4,1
2024-06-07,20240607BARLON1,BAR,LON,R,2024,20240607BARLON1-48,Zachary Orchard,Travis Keys,R,L,,Zac Orchard advances to 1st (walk),called_strike,S,,NA,2,1,2,7,Top,CU,-0.806581986,2.7813381168177234,4,,,,,Curveball,Rick Phillips,,,Eduardo De Oleo,Kaiden Cardoso,Gibson Krzeminski,Victor Plaz,Tommy Reyes-Cruz,Starling Joseph,Champ Garner,Byron Reichstein,48,4,3,0,3,0,3,0,3,0,,,,,RP,12,4,1
2024-06-07,20240607BARLON1,BAR,LON,R,2024,20240607BARLON1-48,Zachary Orchard,Travis Keys,R,L,,Zac Orchard advances to 1st (walk),ball,B,,NA,2,2,2,7,Top,CU,-1.556004619,1.111952416918428,10,,,,,Curveball,Rick Phillips,,,Eduardo De Oleo,Kaiden Cardoso,Gibson Krzeminski,Victor Plaz,Tommy Reyes-Cruz,Starling Joseph,Champ Garner,Byron Reichstein,48,5,3,0,3,0,3,0,3,0,,,,,RP,13,4,1
2024-06-07,20240607BARLON1,BAR,LON,R,2024,20240607BARLON1-48,Zachary Orchard,Travis Keys,R,L,walk,Zac Orchard advances to 1st (walk),ball,B,,NA,3,2,2,7,Top,FC,-0.146073903,0.8463683282980856,12,,,,,Cutter,Rick Phillips,,,Eduardo De Oleo,Kaiden Cardoso,Gibson Krzeminski,Victor Plaz,Tommy Reyes-Cruz,Starling Joseph,Champ Garner,Byron Reichstein,48,6,3,0,3,0,3,0,3,0,,,,,RP,14,4,1
2024-06-07,20240607BARLON1,BAR,LON,R,2024,20240607BARLON1-49,Carson Burns,Travis Keys,L,L,,Carson Burns putout (fly out to center field) for out number 3,ball,B,,NA,0,0,2,7,Top,CU,-1.174942263,3.8057338872104727,10,,,,,Curveball,Rick Phillips,,,Eduardo De Oleo,Kaiden Cardoso,Gibson Krzeminski,Victor Plaz,Tommy Reyes-Cruz,Starling Joseph,Champ Garner,Byron Reichstein,49,1,3,0,3,0,3,0,3,0,,,,,RP,15,5,1
2024-06-07,20240607BARLON1,BAR,LON,R,2024,20240607BARLON1-49,Carson Burns,Travis Keys,L,L,,Carson Burns putout (fly out to center field) for out number 3,ball,B,,NA,1,0,2,7,Top,FF,-1.556004619,3.1228033736153065,10,,,,,Fastball,Rick Phillips,,,Eduardo De Oleo,Kaiden Cardoso,Gibson Krzeminski,Victor Plaz,Tommy Reyes-Cruz,Starling Joseph,Champ Garner,Byron Reichstein,49,2,3,0,3,0,3,0,3,0,,,,,RP,16,5,1
2024-06-07,20240607BARLON1,BAR,LON,R,2024,20240607BARLON1-49,Carson Burns,Travis Keys,L,L,field_out,Carson Burns putout (fly out to center field) for out number 3,hit_into_play,X,8,popup,2,0,2,7,Top,FC,0.3366050808314091,1.7000314702920434,9,33.31825657894737,217.8806646525679,220.41345297169437,1,Cutter,Rick Phillips,,,Eduardo De Oleo,Kaiden Cardoso,Gibson Krzeminski,Victor Plaz,Tommy Reyes-Cruz,Starling Joseph,Champ Garner,Byron Reichstein,49,3,3,0,3,0,3,0,3,0,,,,,RP,17,5,1
2024-06-07,20240607BARLON1,BAR,LON,R,2024,20240607BARLON1-50,Eduardo De Oleo,Frank Garces,R,L,,Eduardo De Oleo putout (6-3) for out number 1,ball,B,,NA,0,0,0,7,Bot,UN,,,0,,,,,Unknown,,,,Hayden Jaco,Nolan Machibroda,Kyle Maves,Adam Odd,Carson Burns,Zac Orchard,Canice Ejoh,Rick Phillips,50,1,3,0,0,3,3,0,0,3,,,,,SP,73,23,3
2024-06-07,20240607BARLON1,BAR,LON,R,2024,20240607BARLON1-50,Eduardo De Oleo,Frank Garces,R,L,,Eduardo De Oleo putout (6-3) for out number 1,swinging_strike,S,,NA,1,0,0,7,Bot,UN,,,0,,,,,Unknown,,,,Hayden Jaco,Nolan Machibroda,Kyle Maves,Adam Odd,Carson Burns,Zac Orchard,Canice Ejoh,Rick Phillips,50,2,3,0,0,3,3,0,0,3,,,,,SP,74,23,3
2024-06-07,20240607BARLON1,BAR,LON,R,2024,20240607BARLON1-50,Eduardo De Oleo,Frank Garces,R,L,,Eduardo De Oleo putout (6-3) for out number 1,ball,B,,NA,1,1,0,7,Bot,UN,,,0,,,,,Unknown,,,,Hayden Jaco,Nolan Machibroda,Kyle Maves,Adam Odd,Carson Burns,Zac Orchard,Canice Ejoh,Rick Phillips,50,3,3,0,0,3,3,0,0,3,,,,,SP,75,23,3
2024-06-07,20240607BARLON1,BAR,LON,R,2024,20240607BARLON1-50,Eduardo De Oleo,Frank Garces,R,L,,Eduardo De Oleo putout (6-3) for out number 1,foul,S,,NA,2,1,0,7,Bot,UN,,,0,,,,,Unknown,,,,Hayden Jaco,Nolan Machibroda,Kyle Maves,Adam Odd,Carson Burns,Zac Orchard,Canice Ejoh,Rick Phillips,50,4,3,0,0,3,3,0,0,3,,,,,SP,76,23,3
2024-06-07,20240607BARLON1,BAR,LON,R,2024,20240607BARLON1-50,Eduardo De Oleo,Frank Garces,R,L,field_out,Eduardo De Oleo putout (6-3) for out number 1,hit_into_play,X,6,ground_ball,2,2,0,7,Bot,UN,,,0,-44.0625,127.64589665653499,135.03695360715454,2,Unknown,,,,Hayden Jaco,Nolan Machibroda,Kyle Maves,Adam Odd,Carson Burns,Zac Orchard,Canice Ejoh,Rick Phillips,50,5,3,0,0,3,3,0,0,3,,,,,SP,77,23,3
2024-06-07,20240607BARLON1,BAR,LON,R,2024,20240607BARLON1-51,Byron Reichstein,Frank Garces,L,L,,Byron Reichstein putout (G3) for out number 2,ball,B,,NA,0,0,1,7,Bot,UN,,,0,,,,,Unknown,,,,Hayden Jaco,Nolan Machibroda,Kyle Maves,Adam Odd,Carson Burns,Zac Orchard,Canice Ejoh,Rick Phillips,51,1,3,0,0,3,3,0,0,3,,,,,SP,78,24,3
2024-06-07,20240607BARLON1,BAR,LON,R,2024,20240607BARLON1-51,Byron Reichstein,Frank Garces,L,L,,Byron Reichstein putout (G3) for out number 2,swinging_strike,S,,NA,1,0,1,7,Bot,UN,,,0,,,,,Unknown,,,,Hayden Jaco,Nolan Machibroda,Kyle Maves,Adam Odd,Carson Burns,Zac Orchard,Canice Ejoh,Rick Phillips,51,2,3,0,0,3,3,0,0,3,,,,,SP,79,24,3
2024-06-07,20240607BARLON1,BAR,LON,R,2024,20240607BARLON1-51,Byron Reichstein,Frank Garces,L,L,field_out,Byron Reichstein putout (G3) for out number 2,hit_into_play,X,3,ground_ball,1,1,1,7,Bot,UN,,,0,69.62171053,93.54255319148939,116.60785494207812,2,Unknown,,,,Hayden Jaco,Nolan Machibroda,Kyle Maves,Adam Odd,Carson Burns,Zac Orchard,Canice Ejoh,Rick Phillips,51,3,3,0,0,3,3,0,0,3,,,,,SP,80,24,3
2024-06-07,20240607BARLON1,BAR,LON,R,2024,20240607BARLON1-52,Victor Plaz,Frank Garces,R,L,field_error,Victor Plaz advances to 1st (error by the third baseman),hit_into_play,X,5,ground_ball,0,0,2,7,Bot,UN,,,0,-72.48355263,90.13221884498483,115.66193097132313,2,Unknown,,,,Hayden Jaco,Nolan Machibroda,Kyle Maves,Adam Odd,Carson Burns,Zac Orchard,Canice Ejoh,Rick Phillips,52,1,3,0,0,3,3,0,0,3,,,,,SP,81,25,3
2024-06-07,20240607BARLON1,BAR,LON,R,2024,20240607BARLON1-53,Gibson Krzeminski,Frank Garces,R,L,single,"Gibson Krzeminski advances to 1st (single), Victor Plaz advances to 2nd",hit_into_play,X,5,bunt,0,0,2,7,Bot,UN,,,0,-44.0625,54.32370820668696,69.94690257313235,1,Unknown,,,Victor Plaz,Hayden Jaco,Nolan Machibroda,Kyle Maves,Adam Odd,Carson Burns,Zac Orchard,Canice Ejoh,Rick Phillips,53,1,3,0,0,3,3,0,0,3,,,,,SP,82,26,3
2024-06-07,20240607BARLON1,BAR,LON,R,2024,20240607BARLON1-54,Tristan Osika,Frank Garces,R,L,,Tristan Osika putout (strike out swinging) for out number 3,foul,S,,NA,0,0,2,7,Bot,UN,,,0,,,,,Unknown,,Victor Plaz,Gibson Krzeminski,Hayden Jaco,Nolan Machibroda,Kyle Maves,Adam Odd,Carson Burns,Zac Orchard,Canice Ejoh,Rick Phillips,54,1,3,0,0,3,3,0,0,3,,,,,SP,83,27,3
2024-06-07,20240607BARLON1,BAR,LON,R,2024,20240607BARLON1-54,Tristan Osika,Frank Garces,R,L,,Tristan Osika putout (strike out swinging) for out number 3,foul,S,,NA,0,1,2,7,Bot,UN,,,0,,,,,Unknown,,Victor Plaz,Gibson Krzeminski,Hayden Jaco,Nolan Machibroda,Kyle Maves,Adam Odd,Carson Burns,Zac Orchard,Canice Ejoh,Rick Phillips,54,2,3,0,0,3,3,0,0,3,,,,,SP,84,27,3
2024-06-07,20240607BARLON1,BAR,LON,R,2024,20240607BARLON1-54,Tristan Osika,Frank Garces,R,L,strikeout,Tristan Osika putout (strike out swinging) for out number 3,swinging_strike,S,2,NA,0,2,2,7,Bot,UN,,,0,,,,,Unknown,,Victor Plaz,Gibson Krzeminski,Hayden Jaco,Nolan Machibroda,Kyle Maves,Adam Odd,Carson Burns,Zac Orchard,Canice Ejoh,Rick Phillips,54,3,3,0,0,3,3,0,0,3,,,,,SP,85,27,3
2024-06-07,20240607BARLON1,BAR,LON,R,2024,20240607BARLON1-55,Canice Ejoh,Travis Keys,R,L,,Canice Ejoh advances to 2nd (double),called_strike,S,,NA,0,0,0,8,Top,FF,0.43822170900692875,3.426328046324269,3,,,,,Fastball,,,,Eduardo De Oleo,Kaiden Cardoso,Gibson Krzeminski,Victor Plaz,Tommy Reyes-Cruz,Starling Joseph,Champ Garner,Byron Reichstein,55,1,3,0,3,0,3,0,3,0,,,,,RP,18,6,1
2024-06-07,20240607BARLON1,BAR,LON,R,2024,20240607BARLON1-55,Canice Ejoh,Travis Keys,R,L,,Canice Ejoh advances to 2nd (double),ball,B,,NA,0,1,0,8,Top,FC,0.4128175519630488,4.204110020140986,11,,,,,Cutter,,,,Eduardo De Oleo,Kaiden Cardoso,Gibson Krzeminski,Victor Plaz,Tommy Reyes-Cruz,Starling Joseph,Champ Garner,Byron Reichstein,55,2,3,0,3,0,3,0,3,0,,,,,RP,19,6,1
2024-06-07,20240607BARLON1,BAR,LON,R,2024,20240607BARLON1-55,Canice Ejoh,Travis Keys,R,L,,Canice Ejoh advances to 2nd (double),ball,B,,NA,1,1,0,8,Top,CU,-1.301963048,0.5618139476334331,12,,,,,Curveball,,,,Eduardo De Oleo,Kaiden Cardoso,Gibson Krzeminski,Victor Plaz,Tommy Reyes-Cruz,Starling Joseph,Champ Garner,Byron Reichstein,55,3,3,0,3,0,3,0,3,0,,,,,RP,20,6,1
2024-06-07,20240607BARLON1,BAR,LON,R,2024,20240607BARLON1-55,Canice Ejoh,Travis Keys,R,L,double,Canice Ejoh advances to 2nd (double),hit_into_play,X,8,line_drive,2,1,0,8,Top,FF,0.6668591224018479,2.4398728600201403,6,94.89720394736842,348.3851963746223,361.07855706205066,6,Fastball,,,,Eduardo De Oleo,Kaiden Cardoso,Gibson Krzeminski,Victor Plaz,Tommy Reyes-Cruz,Starling Joseph,Champ Garner,Byron Reichstein,55,4,3,0,3,0,3,0,3,0,,,,,RP,21,6,1
2024-06-07,20240607BARLON1,BAR,LON,R,2024,20240607BARLON1-56,Kyle Maves,Travis Keys,L,L,field_out,"Canice Ejoh advances to 3rd, Kyle Maves putout (2-3) for out number 1",hit_into_play,X,2,bunt,0,0,0,8,Top,CU,-0.806581986,2.4398728600201403,4,,,,1,Curveball,,Canice Ejoh,,Eduardo De Oleo,Kaiden Cardoso,Gibson Krzeminski,Victor Plaz,Tommy Reyes-Cruz,Starling Joseph,Champ Garner,Byron Reichstein,56,1,3,0,3,0,3,0,3,0,,,,,RP,22,7,1
2024-06-07,20240607BARLON1,BAR,LON,R,2024,20240607BARLON1-57,Adam Odd,Travis Keys,L,L,,Adam Odd putout (strike out swinging) for out number 2,swinging_strike,S,,NA,0,0,1,8,Top,CU,0.057159353348730145,1.7379720543806638,8,,,,,Curveball,Canice Ejoh,,,Eduardo De Oleo,Kaiden Cardoso,Gibson Krzeminski,Victor Plaz,Tommy Reyes-Cruz,Starling Joseph,Champ Garner,Byron Reichstein,57,1,3,0,3,0,3,0,3,0,,,,,RP,23,8,1
2024-06-07,20240607BARLON1,BAR,LON,R,2024,20240607BARLON1-57,Adam Odd,Travis Keys,L,L,,Adam Odd putout (strike out swinging) for out number 2,foul,S,,NA,0,1,1,8,Top,FF,-0.793879908,4.014407099697884,10,,,,,Fastball,Canice Ejoh,,,Eduardo De Oleo,Kaiden Cardoso,Gibson Krzeminski,Victor Plaz,Tommy Reyes-Cruz,Starling Joseph,Champ Garner,Byron Reichstein,57,2,3,0,3,0,3,0,3,0,,,,,RP,24,8,1
2024-06-07,20240607BARLON1,BAR,LON,R,2024,20240607BARLON1-57,Adam Odd,Travis Keys,L,L,strikeout,Adam Odd putout (strike out swinging) for out number 2,swinging_strike,S,2,NA,0,2,1,8,Top,FF,0.628752887,2.838248992950654,6,,,,,Fastball,Canice Ejoh,,,Eduardo De Oleo,Kaiden Cardoso,Gibson Krzeminski,Victor Plaz,Tommy Reyes-Cruz,Starling Joseph,Champ Garner,Byron Reichstein,57,3,3,0,3,0,3,0,3,0,,,,,RP,25,8,1
2024-06-07,20240607BARLON1,BAR,LON,R,2024,20240607BARLON1-58,Ryan Rijo,Travis Keys,L,L,,"Ryan Rijo advances to 1st (single), Canice Ejoh Scores Earned",ball,B,,NA,0,0,2,8,Top,CU,-1.301963048,0.48593277945619234,12,,,,,Curveball,Canice Ejoh,,,Eduardo De Oleo,Kaiden Cardoso,Gibson Krzeminski,Victor Plaz,Tommy Reyes-Cruz,Starling Joseph,Champ Garner,Byron Reichstein,58,1,3,0,3,0,4,0,4,0,,,,,RP,26,9,1
2024-06-07,20240607BARLON1,BAR,LON,R,2024,20240607BARLON1-58,Ryan Rijo,Travis Keys,L,L,,"Ryan Rijo advances to 1st (single), Canice Ejoh Scores Earned",swinging_strike,S,,NA,1,0,2,8,Top,CU,-0.146073903,1.662090886203423,8,,,,,Curveball,Canice Ejoh,,,Eduardo De Oleo,Kaiden Cardoso,Gibson Krzeminski,Victor Plaz,Tommy Reyes-Cruz,Starling Joseph,Champ Garner,Byron Reichstein,58,2,3,0,3,0,4,0,4,0,,,,,RP,27,9,1
2024-06-07,20240607BARLON1,BAR,LON,R,2024,20240607BARLON1-58,Ryan Rijo,Travis Keys,L,L,single,"Ryan Rijo advances to 1st (single), Canice Ejoh Scores Earned",hit_into_play,X,7,line_drive,1,1,2,8,Top,FF,0.5779445727482682,2.534724320241691,6,-64.57648026,248.38821752265855,256.64533583773067,4,Fastball,Canice Ejoh,,,Eduardo De Oleo,Kaiden Cardoso,Gibson Krzeminski,Victor Plaz,Tommy Reyes-Cruz,Starling Joseph,Champ Garner,Byron Reichstein,58,3,3,0,3,0,4,0,4,0,,,,,RP,28,9,1
2024-06-07,20240607BARLON1,BAR,LON,R,2024,20240607BARLON1-59,Hayden Jaco,Travis Keys,R,L,,"Hayden Jaco advances to 1st (walk), Ryan Rijo advances to 2nd",ball,B,,NA,0,0,2,8,Top,FF,0.7303695150115477,5.038802870090634,11,,,,,Fastball,,,Ryan Rijo,Eduardo De Oleo,Kaiden Cardoso,Gibson Krzeminski,Victor Plaz,Tommy Reyes-Cruz,Starling Joseph,Champ Garner,Byron Reichstein,59,1,4,0,4,0,4,0,4,0,,,,,RP,29,10,2
2024-06-07,20240607BARLON1,BAR,LON,R,2024,20240607BARLON1-59,Hayden Jaco,Travis Keys,R,L,,"Hayden Jaco advances to 1st (walk), Ryan Rijo advances to 2nd",ball,B,,NA,1,0,2,8,Top,FF,0.7176674364896077,4.223080312185297,11,,,,,Fastball,,,Ryan Rijo,Eduardo De Oleo,Kaiden Cardoso,Gibson Krzeminski,Victor Plaz,Tommy Reyes-Cruz,Starling Joseph,Champ Garner,Byron Reichstein,59,2,4,0,4,0,4,0,4,0,,,,,RP,30,10,2
2024-06-07,20240607BARLON1,BAR,LON,R,2024,20240607BARLON1-59,Hayden Jaco,Travis Keys,R,L,,"Hayden Jaco advances to 1st (walk), Ryan Rijo advances to 2nd",ball,B,,NA,2,0,2,8,Top,FC,-0.412817552,4.109258559919435,10,,,,,Cutter,,,Ryan Rijo,Eduardo De Oleo,Kaiden Cardoso,Gibson Krzeminski,Victor Plaz,Tommy Reyes-Cruz,Starling Joseph,Champ Garner,Byron Reichstein,59,3,4,0,4,0,4,0,4,0,,,,,RP,31,10,2
2024-06-07,20240607BARLON1,BAR,LON,R,2024,20240607BARLON1-59,Hayden Jaco,Travis Keys,R,L,walk,"Hayden Jaco advances to 1st (walk), Ryan Rijo advances to 2nd",ball,B,,NA,3,0,2,8,Top,FF,1.5941108545034643,3.653971550855991,11,,,,,Fastball,,,Ryan Rijo,Eduardo De Oleo,Kaiden Cardoso,Gibson Krzeminski,Victor Plaz,Tommy Reyes-Cruz,Starling Joseph,Champ Garner,Byron Reichstein,59,4,4,0,4,0,4,0,4,0,,,,,RP,32,10,2
2024-06-07,20240607BARLON1,BAR,LON,R,2024,20240607BARLON1-60,Nolan Machibroda,Travis Keys,L,L,,Nolan Machibroda putout (strike out) for out number 3,called_strike,S,,NA,0,0,2,8,Top,CU,-0.908198614,1.1498930010070483,10,,,,,Curveball,,Ryan Rijo,Hayden Jaco,Eduardo De Oleo,Kaiden Cardoso,Gibson Krzeminski,Victor Plaz,Tommy Reyes-Cruz,Starling Joseph,Champ Garner,Byron Reichstein,60,1,4,0,4,0,4,0,4,0,,,,,RP,33,11,2
2024-06-07,20240607BARLON1,BAR,LON,R,2024,20240607BARLON1-60,Nolan Machibroda,Travis Keys,L,L,,Nolan Machibroda putout (strike out) for out number 3,ball,B,,NA,0,1,2,8,Top,CU,-1.454387991,2.8761895770392742,10,,,,,Curveball,,Ryan Rijo,Hayden Jaco,Eduardo De Oleo,Kaiden Cardoso,Gibson Krzeminski,Victor Plaz,Tommy Reyes-Cruz,Starling Joseph,Champ Garner,Byron Reichstein,60,2,4,0,4,0,4,0,4,0,,,,,RP,34,11,2
2024-06-07,20240607BARLON1,BAR,LON,R,2024,20240607BARLON1-60,Nolan Machibroda,Travis Keys,L,L,,Nolan Machibroda putout (strike out) for out number 3,swinging_strike,S,,NA,1,1,2,8,Top,FF,0.9336027713625868,3.2176548338368574,11,,,,,Fastball,,Ryan Rijo,Hayden Jaco,Eduardo De Oleo,Kaiden Cardoso,Gibson Krzeminski,Victor Plaz,Tommy Reyes-Cruz,Starling Joseph,Champ Garner,Byron Reichstein,60,3,4,0,4,0,4,0,4,0,,,,,RP,35,11,2
2024-06-07,20240607BARLON1,BAR,LON,R,2024,20240607BARLON1-60,Nolan Machibroda,Travis Keys,L,L,strikeout,Nolan Machibroda putout (strike out) for out number 3,called_strike,S,2,NA,1,2,2,8,Top,FC,-0.959006928,1.9276749748237654,10,,,,,Cutter,,Ryan Rijo,Hayden Jaco,Eduardo De Oleo,Kaiden Cardoso,Gibson Krzeminski,Victor Plaz,Tommy Reyes-Cruz,Starling Joseph,Champ Garner,Byron Reichstein,60,4,4,0,4,0,4,0,4,0,,,,,RP,36,11,2
2024-06-07,20240607BARLON1,BAR,LON,R,2024,20240607BARLON1-61,Champ Garner,Makaio Cisneros,R,R,,Champ Garner putout (f2) for out number 1,ball,B,,NA,0,0,0,8,Bot,UN,,,0,,,,,Unknown,,,,Hayden Jaco,Nolan Machibroda,Kyle Maves,Adam Odd,Carson Burns,Zac Orchard,Canice Ejoh,Rick Phillips,61,1,4,0,0,4,4,0,0,4,,,,,RP,1,1,1
2024-06-07,20240607BARLON1,BAR,LON,R,2024,20240607BARLON1-61,Champ Garner,Makaio Cisneros,R,R,,Champ Garner putout (f2) for out number 1,ball,B,,NA,1,0,0,8,Bot,UN,,,0,,,,,Unknown,,,,Hayden Jaco,Nolan Machibroda,Kyle Maves,Adam Odd,Carson Burns,Zac Orchard,Canice Ejoh,Rick Phillips,61,2,4,0,0,4,4,0,0,4,,,,,RP,2,1,1
2024-06-07,20240607BARLON1,BAR,LON,R,2024,20240607BARLON1-61,Champ Garner,Makaio Cisneros,R,R,,Champ Garner putout (f2) for out number 1,called_strike,S,,NA,2,0,0,8,Bot,UN,,,0,,,,,Unknown,,,,Hayden Jaco,Nolan Machibroda,Kyle Maves,Adam Odd,Carson Burns,Zac Orchard,Canice Ejoh,Rick Phillips,61,3,4,0,0,4,4,0,0,4,,,,,RP,3,1,1
2024-06-07,20240607BARLON1,BAR,LON,R,2024,20240607BARLON1-61,Champ Garner,Makaio Cisneros,R,R,field_out,Champ Garner putout (f2) for out number 1,hit_into_play,X,2,popup,2,1,0,8,Bot,UN,,,0,75.9375,-5.357142857,76.12622994633215,3,Unknown,,,,Hayden Jaco,Nolan Machibroda,Kyle Maves,Adam Odd,Carson Burns,Zac Orchard,Canice Ejoh,Rick Phillips,61,4,4,0,0,4,4,0,0,4,,,,,RP,4,1,1
2024-06-07,20240607BARLON1,BAR,LON,R,2024,20240607BARLON1-62,Tommy Reyes-Cruz,Makaio Cisneros,L,R,,Tommy Reyes-Cruz advances to 1st (single),ball,B,,NA,0,0,1,8,Bot,UN,,,0,,,,,Unknown,,,,Hayden Jaco,Nolan Machibroda,Kyle Maves,Adam Odd,Carson Burns,Zac Orchard,Canice Ejoh,Rick Phillips,62,1,4,0,0,4,4,0,0,4,,,,,RP,5,2,1
2024-06-07,20240607BARLON1,BAR,LON,R,2024,20240607BARLON1-62,Tommy Reyes-Cruz,Makaio Cisneros,L,R,,Tommy Reyes-Cruz advances to 1st (single),ball,B,,NA,1,0,1,8,Bot,UN,,,0,,,,,Unknown,,,,Hayden Jaco,Nolan Machibroda,Kyle Maves,Adam Odd,Carson Burns,Zac Orchard,Canice Ejoh,Rick Phillips,62,2,4,0,0,4,4,0,0,4,,,,,RP,6,2,1
2024-06-07,20240607BARLON1,BAR,LON,R,2024,20240607BARLON1-62,Tommy Reyes-Cruz,Makaio Cisneros,L,R,,Tommy Reyes-Cruz advances to 1st (single),foul,S,,NA,2,0,1,8,Bot,UN,,,0,,,,,Unknown,,,,Hayden Jaco,Nolan Machibroda,Kyle Maves,Adam Odd,Carson Burns,Zac Orchard,Canice Ejoh,Rick Phillips,62,3,4,0,0,4,4,0,0,4,,,,,RP,7,2,1
2024-06-07,20240607BARLON1,BAR,LON,R,2024,20240607BARLON1-62,Tommy Reyes-Cruz,Makaio Cisneros,L,R,,Tommy Reyes-Cruz advances to 1st (single),swinging_strike,S,,NA,2,1,1,8,Bot,UN,,,0,,,,,Unknown,,,,Hayden Jaco,Nolan Machibroda,Kyle Maves,Adam Odd,Carson Burns,Zac Orchard,Canice Ejoh,Rick Phillips,62,4,4,0,0,4,4,0,0,4,,,,,RP,8,2,1
2024-06-07,20240607BARLON1,BAR,LON,R,2024,20240607BARLON1-62,Tommy Reyes-Cruz,Makaio Cisneros,L,R,,Tommy Reyes-Cruz advances to 1st (single),foul,S,,NA,2,2,1,8,Bot,UN,,,0,,,,,Unknown,,,,Hayden Jaco,Nolan Machibroda,Kyle Maves,Adam Odd,Carson Burns,Zac Orchard,Canice Ejoh,Rick Phillips,62,5,4,0,0,4,4,0,0,4,,,,,RP,9,2,1
2024-06-07,20240607BARLON1,BAR,LON,R,2024,20240607BARLON1-62,Tommy Reyes-Cruz,Makaio Cisneros,L,R,single,Tommy Reyes-Cruz advances to 1st (single),hit_into_play,X,9,ground_ball,2,2,1,8,Bot,UN,,,0,105.9375,199.26291793313072,225.67335768644818,4,Unknown,,,,Hayden Jaco,Nolan Machibroda,Kyle Maves,Adam Odd,Carson Burns,Zac Orchard,Canice Ejoh,Rick Phillips,62,6,4,0,0,4,4,0,0,4,,,,,RP,10,2,1
2024-06-07,20240607BARLON1,BAR,LON,R,2024,20240607BARLON1-63,Starling Joseph,Makaio Cisneros,R,R,,"Starling Joseph advances to 1st (fielder's choice), Tommy Reyes-Cruz putout (FC6-4) for out number 2",ball,B,,NA,0,0,1,8,Bot,UN,,,0,,,,,Unknown,,,Tommy Reyes-Cruz,Hayden Jaco,Nolan Machibroda,Kyle Maves,Adam Odd,Carson Burns,Zac Orchard,Canice Ejoh,Rick Phillips,63,1,4,0,0,4,4,0,0,4,,,,,RP,11,3,1
2024-06-07,20240607BARLON1,BAR,LON,R,2024,20240607BARLON1-63,Starling Joseph,Makaio Cisneros,R,R,fielders_choice,"Starling Joseph advances to 1st (fielder's choice), Tommy Reyes-Cruz putout (FC6-4) for out number 2",hit_into_play,X,6,ground_ball,1,0,1,8,Bot,UN,,,0,-31.43092105,132.76139817629183,136.4312707700865,4,Unknown,,,Tommy Reyes-Cruz,Hayden Jaco,Nolan Machibroda,Kyle Maves,Adam Odd,Carson Burns,Zac Orchard,Canice Ejoh,Rick Phillips,63,2,4,0,0,4,4,0,0,4,,,,,RP,12,3,1
2024-06-07,20240607BARLON1,BAR,LON,R,2024,20240607BARLON1-64,Kaiden Cardoso,Makaio Cisneros,L,R,field_out,Kaiden Cardoso putout (4-3) for out number 3,hit_into_play,X,4,ground_ball,0,0,2,8,Bot,UN,,,0,58.569078947368425,110.5942249240122,125.14559359116915,2,Unknown,,,Starling Joseph,Hayden Jaco,Nolan Machibroda,Kyle Maves,Adam Odd,Carson Burns,Zac Orchard,Canice Ejoh,Rick Phillips,64,1,4,0,0,4,4,0,0,4,,,,,RP,13,4,1
2024-06-07,20240607BARLON1,BAR,LON,R,2024,20240607BARLON1-65,Rick Phillips,Jonathan Henry,R,R,,"Rick Phillips advances to 1st (error by the second baseman), Rick Phillips advances to 2nd (e4)",swinging_strike,S,,NA,0,0,0,9,Top,FF,-0.387413395,3.3314765861027182,1,,,,,Fastball,,,,Eduardo De Oleo,Kaiden Cardoso,Gibson Krzeminski,Victor Plaz,Tommy Reyes-Cruz,Starling Joseph,Champ Garner,Byron Reichstein,65,1,4,0,4,0,4,0,4,0,,,,,RP,1,1,1
2024-06-07,20240607BARLON1,BAR,LON,R,2024,20240607BARLON1-65,Rick Phillips,Jonathan Henry,R,R,field_error,"Rick Phillips advances to 1st (error by the second baseman), Rick Phillips advances to 2nd (e4)",hit_into_play,X,4,ground_ball,0,1,0,9,Top,FF,0.7303695150115477,2.1553184793554876,9,31.73930921052632,146.69637462235642,150.09067284979483,2,Fastball,,,,Eduardo De Oleo,Kaiden Cardoso,Gibson Krzeminski,Victor Plaz,Tommy Reyes-Cruz,Starling Joseph,Champ Garner,Byron Reichstein,65,2,4,0,4,0,4,0,4,0,,,,,RP,2,1,1
2024-06-07,20240607BARLON1,BAR,LON,R,2024,20240607BARLON1-66,Zachary Orchard,Jonathan Henry,R,R,,Zac Orchard putout (strike out swinging) for out number 1,swinging_strike,S,,NA,0,0,0,9,Top,SL,0.8065819861431873,0.6756356998992941,13,,,,,Slider,,Rick Phillips,,Eduardo De Oleo,Kaiden Cardoso,Gibson Krzeminski,Victor Plaz,Tommy Reyes-Cruz,Starling Joseph,Champ Garner,Byron Reichstein,66,1,4,0,4,0,4,0,4,0,,,,,RP,3,2,1
2024-06-07,20240607BARLON1,BAR,LON,R,2024,20240607BARLON1-66,Zachary Orchard,Jonathan Henry,R,R,,Zac Orchard putout (strike out swinging) for out number 1,ball,B,,NA,0,1,0,9,Top,SL,0.8446882217090073,0.884308912,13,,,,,Slider,,Rick Phillips,,Eduardo De Oleo,Kaiden Cardoso,Gibson Krzeminski,Victor Plaz,Tommy Reyes-Cruz,Starling Joseph,Champ Garner,Byron Reichstein,66,2,4,0,4,0,4,0,4,0,,,,,RP,4,2,1
2024-06-07,20240607BARLON1,BAR,LON,R,2024,20240607BARLON1-66,Zachary Orchard,Jonathan Henry,R,R,,Zac Orchard putout (strike out swinging) for out number 1,called_strike,S,,NA,1,1,0,9,Top,FF,-0.527136259,1.643120594159113,7,,,,,Fastball,,Rick Phillips,,Eduardo De Oleo,Kaiden Cardoso,Gibson Krzeminski,Victor Plaz,Tommy Reyes-Cruz,Starling Joseph,Champ Garner,Byron Reichstein,66,3,4,0,4,0,4,0,4,0,,,,,RP,5,2,1
2024-06-07,20240607BARLON1,BAR,LON,R,2024,20240607BARLON1-66,Zachary Orchard,Jonathan Henry,R,R,strikeout,Zac Orchard putout (strike out swinging) for out number 1,swinging_strike,S,2,NA,1,2,0,9,Top,CH,-0.704965358,2.4398728600201403,4,,,,,Changeup,,Rick Phillips,,Eduardo De Oleo,Kaiden Cardoso,Gibson Krzeminski,Victor Plaz,Tommy Reyes-Cruz,Starling Joseph,Champ Garner,Byron Reichstein,66,4,4,0,4,0,4,0,4,0,,,,,RP,6,2,1
2024-06-07,20240607BARLON1,BAR,LON,R,2024,20240607BARLON1-67,Carson Burns,Jonathan Henry,L,R,,"Rick Phillips advances to 3rd, Carson Burns putout (G3) for out number 2",called_strike,S,,NA,0,0,1,9,Top,FF,-0.590646651,1.7569423464249738,7,,,,,Fastball,,Rick Phillips,,Eduardo De Oleo,Kaiden Cardoso,Gibson Krzeminski,Victor Plaz,Tommy Reyes-Cruz,Starling Joseph,Champ Garner,Byron Reichstein,67,1,4,0,4,0,4,0,4,0,,,,,RP,7,3,1
2024-06-07,20240607BARLON1,BAR,LON,R,2024,20240607BARLON1-67,Carson Burns,Jonathan Henry,L,R,,"Rick Phillips advances to 3rd, Carson Burns putout (G3) for out number 2",ball,B,,NA,0,1,1,9,Top,CH,-0.8573903,0.6756356998992941,12,,,,,Changeup,,Rick Phillips,,Eduardo De Oleo,Kaiden Cardoso,Gibson Krzeminski,Victor Plaz,Tommy Reyes-Cruz,Starling Joseph,Champ Garner,Byron Reichstein,67,2,4,0,4,0,4,0,4,0,,,,,RP,8,3,1
2024-06-07,20240607BARLON1,BAR,LON,R,2024,20240607BARLON1-67,Carson Burns,Jonathan Henry,L,R,,"Rick Phillips advances to 3rd, Carson Burns putout (G3) for out number 2",ball,B,,NA,1,1,1,9,Top,SL,-1.327367206,2.9141301611278942,10,,,,,Slider,,Rick Phillips,,Eduardo De Oleo,Kaiden Cardoso,Gibson Krzeminski,Victor Plaz,Tommy Reyes-Cruz,Starling Joseph,Champ Garner,Byron Reichstein,67,3,4,0,4,0,4,0,4,0,,,,,RP,9,3,1
2024-06-07,20240607BARLON1,BAR,LON,R,2024,20240607BARLON1-67,Carson Burns,Jonathan Henry,L,R,field_out,"Rick Phillips advances to 3rd, Carson Burns putout (G3) for out number 2",hit_into_play,X,3,ground_ball,2,1,1,9,Top,FF,0.32390300230946917,1.3965067975830807,13,60.16036184210527,94.15558912386699,111.7342566102066,4,Fastball,,Rick Phillips,,Eduardo De Oleo,Kaiden Cardoso,Gibson Krzeminski,Victor Plaz,Tommy Reyes-Cruz,Starling Joseph,Champ Garner,Byron Reichstein,67,4,4,0,4,0,4,0,4,0,,,,,RP,10,3,1
2024-06-07,20240607BARLON1,BAR,LON,R,2024,20240607BARLON1-68,Canice Ejoh,Jonathan Henry,R,R,,Canice Ejoh putout (fly out to the second baseman) for out number 3,ball,B,,NA,0,0,2,9,Top,SL,1.1368360277136262,2.288110523665659,11,,,,,Slider,Rick Phillips,,,Eduardo De Oleo,Kaiden Cardoso,Gibson Krzeminski,Victor Plaz,Tommy Reyes-Cruz,Starling Joseph,Champ Garner,Byron Reichstein,68,1,4,0,4,0,4,0,4,0,,,,,RP,11,4,1
2024-06-07,20240607BARLON1,BAR,LON,R,2024,20240607BARLON1-68,Canice Ejoh,Jonathan Henry,R,R,field_out,Canice Ejoh putout (fly out to the second baseman) for out number 3,hit_into_play,X,4,popup,1,0,2,9,Top,CH,-0.463625866,2.212229355488418,7,115.42351973684211,160.25528700906338,197.4951794925599,3,Changeup,Rick Phillips,,,Eduardo De Oleo,Kaiden Cardoso,Gibson Krzeminski,Victor Plaz,Tommy Reyes-Cruz,Starling Joseph,Champ Garner,Byron Reichstein,68,2,4,0,4,0,4,0,4,0,,,,,RP,12,4,1
2024-06-07,20240607BARLON1,BAR,LON,R,2024,20240607BARLON1-69,Eduardo De Oleo,Makaio Cisneros,R,R,,Eduardo De Oleo advances to 1st (single),ball,B,,NA,0,0,0,9,Bot,UN,,,0,,,,,Unknown,,,,Hayden Jaco,Nolan Machibroda,Kyle Maves,Adam Odd,Carson Burns,Zac Orchard,Canice Ejoh,Rick Phillips,69,1,4,0,0,4,4,0,0,4,,,,,RP,14,5,1
2024-06-07,20240607BARLON1,BAR,LON,R,2024,20240607BARLON1-69,Eduardo De Oleo,Makaio Cisneros,R,R,,Eduardo De Oleo advances to 1st (single),foul,S,,NA,1,0,0,9,Bot,UN,,,0,,,,,Unknown,,,,Hayden Jaco,Nolan Machibroda,Kyle Maves,Adam Odd,Carson Burns,Zac Orchard,Canice Ejoh,Rick Phillips,69,2,4,0,0,4,4,0,0,4,,,,,RP,15,5,1
2024-06-07,20240607BARLON1,BAR,LON,R,2024,20240607BARLON1-69,Eduardo De Oleo,Makaio Cisneros,R,R,single,Eduardo De Oleo advances to 1st (single),hit_into_play,X,7,ground_ball,1,1,0,9,Bot,UN,,,0,-102.4835526,163.45440729483286,192.92543073450614,4,Unknown,,,,Hayden Jaco,Nolan Machibroda,Kyle Maves,Adam Odd,Carson Burns,Zac Orchard,Canice Ejoh,Rick Phillips,69,3,4,0,0,4,4,0,0,4,,,,,RP,16,5,1
2024-06-07,20240607BARLON1,BAR,LON,R,2024,20240607BARLON1-70,Byron Reichstein,Brandon Hillier,L,R,,"Charlie Bowman advances to 2nd, Byron Reichstein putout (4-3) for out number 1",called_strike,S,,NA,0,0,0,9,Bot,UN,,,0,,,,,Unknown,,,Eduardo De Oleo,Hayden Jaco,Nolan Machibroda,Kyle Maves,Adam Odd,Carson Burns,Zac Orchard,Canice Ejoh,Rick Phillips,70,1,4,0,0,4,4,0,0,4,,,,,RP,1,1,1
2024-06-07,20240607BARLON1,BAR,LON,R,2024,20240607BARLON1-70,Byron Reichstein,Brandon Hillier,L,R,,"Charlie Bowman advances to 2nd, Byron Reichstein putout (4-3) for out number 1",ball,B,,NA,0,1,0,9,Bot,UN,,,0,,,,,Unknown,,,Eduardo De Oleo,Hayden Jaco,Nolan Machibroda,Kyle Maves,Adam Odd,Carson Burns,Zac Orchard,Canice Ejoh,Rick Phillips,70,2,4,0,0,4,4,0,0,4,,,,,RP,2,1,1
2024-06-07,20240607BARLON1,BAR,LON,R,2024,20240607BARLON1-70,Byron Reichstein,Brandon Hillier,L,R,,"Charlie Bowman advances to 2nd, Byron Reichstein putout (4-3) for out number 1",foul,S,,NA,1,1,0,9,Bot,UN,,,0,,,,,Unknown,,,Eduardo De Oleo,Hayden Jaco,Nolan Machibroda,Kyle Maves,Adam Odd,Carson Burns,Zac Orchard,Canice Ejoh,Rick Phillips,70,3,4,0,0,4,4,0,0,4,,,,,RP,3,1,1
2024-06-07,20240607BARLON1,BAR,LON,R,2024,20240607BARLON1-70,Byron Reichstein,Brandon Hillier,L,R,,"Charlie Bowman advances to 2nd, Byron Reichstein putout (4-3) for out number 1",ball,B,,NA,1,2,0,9,Bot,UN,,,0,,,,,Unknown,,,Eduardo De Oleo,Hayden Jaco,Nolan Machibroda,Kyle Maves,Adam Odd,Carson Burns,Zac Orchard,Canice Ejoh,Rick Phillips,70,4,4,0,0,4,4,0,0,4,,,,,RP,4,1,1
2024-06-07,20240607BARLON1,BAR,LON,R,2024,20240607BARLON1-70,Byron Reichstein,Brandon Hillier,L,R,,"Charlie Bowman advances to 2nd, Byron Reichstein putout (4-3) for out number 1",foul,S,,NA,2,2,0,9,Bot,UN,,,0,,,,,Unknown,,,Eduardo De Oleo,Hayden Jaco,Nolan Machibroda,Kyle Maves,Adam Odd,Carson Burns,Zac Orchard,Canice Ejoh,Rick Phillips,70,5,4,0,0,4,4,0,0,4,,,,,RP,5,1,1
2024-06-07,20240607BARLON1,BAR,LON,R,2024,20240607BARLON1-70,Byron Reichstein,Brandon Hillier,L,R,field_out,"Charlie Bowman advances to 2nd, Byron Reichstein putout (4-3) for out number 1",hit_into_play,X,4,ground_ball,2,2,0,9,Bot,UN,,,0,58.569078947368425,120.82522796352586,134.27238257058323,2,Unknown,,,Eduardo De Oleo,Hayden Jaco,Nolan Machibroda,Kyle Maves,Adam Odd,Carson Burns,Zac Orchard,Canice Ejoh,Rick Phillips,70,6,4,0,0,4,4,0,0,4,,,,,RP,6,1,1
2024-06-07,20240607BARLON1,BAR,LON,R,2024,20240607BARLON1-71,Victor Plaz,Brandon Hillier,R,R,,Victor Plaz putout (fly out to center field) for out number 2,called_strike,S,,NA,0,0,1,9,Bot,UN,,,0,,,,,Unknown,,,Eduardo De Oleo,Hayden Jaco,Nolan Machibroda,Kyle Maves,Adam Odd,Carson Burns,Zac Orchard,Canice Ejoh,Rick Phillips,71,1,4,0,0,4,4,0,0,4,,,,,RP,7,2,1
2024-06-07,20240607BARLON1,BAR,LON,R,2024,20240607BARLON1-71,Victor Plaz,Brandon Hillier,R,R,,Victor Plaz putout (fly out to center field) for out number 2,ball,B,,NA,0,1,1,9,Bot,UN,,,0,,,,,Unknown,,,Eduardo De Oleo,Hayden Jaco,Nolan Machibroda,Kyle Maves,Adam Odd,Carson Burns,Zac Orchard,Canice Ejoh,Rick Phillips,71,2,4,0,0,4,4,0,0,4,,,,,RP,8,2,1
2024-06-07,20240607BARLON1,BAR,LON,R,2024,20240607BARLON1-71,Victor Plaz,Brandon Hillier,R,R,field_out,Victor Plaz putout (fly out to center field) for out number 2,hit_into_play,X,8,fly_ball,1,1,1,9,Bot,UN,,,0,-29.85197368,296.45744680851067,297.95663795435695,3,Unknown,,,Eduardo De Oleo,Hayden Jaco,Nolan Machibroda,Kyle Maves,Adam Odd,Carson Burns,Zac Orchard,Canice Ejoh,Rick Phillips,71,3,4,0,0,4,4,0,0,4,,,,,RP,9,2,1
2024-06-07,20240607BARLON1,BAR,LON,R,2024,20240607BARLON1-72,Gibson Krzeminski,Brandon Hillier,L,R,,Gibson Krzeminski putout (strike out swinging) for out number 3,called_strike,S,,NA,0,0,2,9,Bot,UN,,,0,,,,,Unknown,,,Eduardo De Oleo,Hayden Jaco,Nolan Machibroda,Kyle Maves,Adam Odd,Carson Burns,Zac Orchard,Canice Ejoh,Rick Phillips,72,1,4,0,0,4,4,0,0,4,,,,,RP,10,3,1
2024-06-07,20240607BARLON1,BAR,LON,R,2024,20240607BARLON1-72,Gibson Krzeminski,Brandon Hillier,L,R,,Gibson Krzeminski putout (strike out swinging) for out number 3,called_strike,S,,NA,0,1,2,9,Bot,UN,,,0,,,,,Unknown,,,Eduardo De Oleo,Hayden Jaco,Nolan Machibroda,Kyle Maves,Adam Odd,Carson Burns,Zac Orchard,Canice Ejoh,Rick Phillips,72,2,4,0,0,4,4,0,0,4,,,,,RP,11,3,1
2024-06-07,20240607BARLON1,BAR,LON,R,2024,20240607BARLON1-72,Gibson Krzeminski,Brandon Hillier,L,R,strikeout,Gibson Krzeminski putout (strike out swinging) for out number 3,swinging_strike,S,2,NA,0,2,2,9,Bot,UN,,,0,,,,,Unknown,,,Eduardo De Oleo,Hayden Jaco,Nolan Machibroda,Kyle Maves,Adam Odd,Carson Burns,Zac Orchard,Canice Ejoh,Rick Phillips,72,3,4,0,0,4,4,0,0,4,,,,,RP,12,3,1